char,code
㜆,mi1
㞓,zi1
㧡,kai1
㩳,tui1
㿸,man4
䁓,zong1
䗁,kia2
一,yit5
丁,den1
丁,din1
七,cit5
万,man4
丈,cong1
丈,cong4
丈,cong1
三,sam1
三,sam4
上,song1
上,song3
上,song4
下,ha1
下,ha4
下,ha4
不,but5
丏,mien4
丐,goi4
丑,ciu3
且,cia3
丕,pi1
世,se4
世,si4
丘,hiu1
丘,kiu1
丙,biang3
丞,sin2
丟,diu1
両,liong3
並,bin4
丫,a1
中,zung1
中,zung4
丰,fung1
丱,gan1
串,con4
丳,can3
丸,yen2
丹,dan1
主,zu3
丿,piet5
乂,ngai4
乃,lai3
久,giu3
乇,tok5
么,yau1
之,zu1
乍,za4
乎,fu2
乏,fat6
乒,bin1
乓,bang1
乖,gai1
乘,sin2
乘,sin4
乙,yet5
乜,mak5
乜,mai3
九,giu3
乞,ket5
也,ya1
乩,gi1
乳,yui3
乾,gon1
乾,kien2
亂,lon4
了,liau3
予,yi1
事,su4
二,ngi4
亍,cuk5
于,yi1
云,yun2
互,fu4
五,ng3
井,ziang3
亙,gen3
些,sia1
亞,a1
亟,git5
亟,ki4
亡,mong2
亢,kong4
交,gau1
交,gau4
亥,hoi4
亦,yit6
亨,hen1
享,hiong3
京,gin1
亭,tin2
亮,liong4
亳,bok5
亶,tan3
亹,mui3
人,ngin2
亼,cip6
什,sip6
仁,yin2
仂,lit6
仃,den1
仄,zet5
仆,fu4
仇,siu2
仇,ciu2
仉,zong3
今,gim1
介,gai4
仍,yin2
仔,zai3
仔,zi3
仕,su4
他,ta1
仗,zong4
仗,cong4
付,fu4
仙,sien1
仝,tung2
仞,ngiun4
仟,cien1
仡,ngiet5
代,toi4
令,lin4
以,yi1
仰,ngiong1
仰,ngong1
仲,cung4
仳,pi3
仵,ng3
件,kien4
件,kien3
价,gai4
任,ngim4
份,fun4
仿,fong3
伀,zung1
企,ki1
伄,diau4
伈,sim3
伉,kong4
伊,yi1
伋,kip5
伍,ng3
伎,ki3
伏,fuk6
伏,pu4
伐,fat6
休,hiu1
伕,fu1
伙,fo3
伢,nga2
伢,nga4
伭,hien2
伯,bak5
估,gu3
伳,siet5
伴,pan4
伴,pan1
伶,lin2
伸,cun1
伸,sin1
伺,su4
伻,pin2
似,su4
伽,ga1
伾,pi1
佃,tien4
但,tan4
佇,du3
佈,bu4
佌,cu3
位,vui4
低,dai1
住,cu4
佐,zo3
佑,yiu4
体,ti3
佔,zam4
何,ho2
佖,bit5
佗,to2
佘,sa2
余,yi2
佚,yit6
佛,fut6
作,zok5
佝,keu4
佞,lin4
佟,tung1
你,li3
你,ngi2
佢,gi2
佢,gi2
佣,yung3
佩,pui4
佫,hok5
佬,lau3
佮,kap5
佮,gap5
佯,yong2
佰,bak5
佳,ga1
佴,ngi4
併,bin4
佶,git5
佸,gat5
佹,gui3
佺,cien2
佻,tiau1
佼,gau3
佽,cu4
佾,yit6
使,si3
使,su3
使,si4
侀,hin2
侂,tok5
侃,kan3
侄,cit6
侅,goi1
來,loi2
侇,yi2
侈,ci3
侉,ka1
例,li4
侍,si4
侏,zu1
侐,hit5
侑,yiu4
侔,meu2
侕,yi2
侖,lun2
侗,tung2
侘,za4
侚,sun2
供,giung1
供,giung4
侜,ziu1
依,yi1
侮,vu1
侯,heu2
侲,zin3
侵,cim1
侶,li1
侷,kiuk6
侺,sim4
侻,tot5
便,pien4
便,pien2
俁,ng2
係,he4
促,cuk5
俄,ngo2
俅,kiu2
俇,kong3
俊,zun4
俋,yip5
俎,zo3
俏,ciau4
俐,li4
俑,yung3
俓,gang4
俗,suk6
俘,fu1
俙,hi1
俚,li1
俛,fu3
俛,mien1
俜,pin1
保,bau3
俞,yi2
俟,su4
俠,hap6
信,sin4
俬,su1
修,siu1
俯,fu3
俱,ki1
俳,pai2
俵,biau3
俶,suk5
俸,fung4
俺,yam3
俾,bi1
俾,bi1
倀,cong2
倅,zut5
倅,cui4
倆,liong3
倉,cong1
個,go4
倌,gon1
倍,pui4
倏,sap5
們,mun2
倒,dau3
倒,dau4
倓,tam2
倔,kiut5
倕,sui2
倖,hen4
倗,pen2
倘,tong3
候,heu4
倚,yi3
倜,tit5
倞,liong4
借,zia4
倠,fui1
倡,cong1
倡,cong4
倢,ciap6
倣,fong3
倥,kung1
倦,kien4
倨,gi4
倩,cien4
倪,ngi2
倫,lun2
倬,zok5
倭,vo1
倭,vui1
倰,lin2
倳,zu4
值,cit6
偃,yen3
偆,cun3
假,ga3
假,ga3
偈,giet5
偉,vui3
偊,yi3
偌,ngia3
偎,voi1
偏,pien1
偓,vok5
偕,hai2
做,zo4
停,tin2
偝,poi4
偞,yap6
偟,fong2
偠,yau3
健,kien4
偩,fu4
偪,bit5
偫,su4
偭,mien4
偯,yi3
偰,siet5
偲,su1
側,zet5
偵,zin1
偶,ngeu3
偷,teu1
偺,za1
偽,ngui4
傀,kui3
傀,gui1
傃,su4
傅,fu4
傍,pong2
傍,pong4
傍,bong3
傑,kiet6
傒,hi1
傔,kiam4
傕,gok5
傖,cong1
傘,san4
備,pi4
傚,hau4
傛,yung2
傜,yau2
傝,tap5
傞,so1
傢,ga1
催,cui1
傭,yung2
傮,zau1
傯,zung3
傲,ngau4
傳,con2
傳,con4
傴,ki1
債,zai4
傷,song1
傸,song3
傻,so2
傽,zong1
傾,kin1
傿,yen1
僁,sit5
僂,leu2
僄,piau4
僅,giun3
僆,lon4
僈,man4
僉,ciam1
僊,sien1
僋,tam4
僎,con3
像,ciong4
像,siong4
僑,kiau2
僔,zun3
僕,puk6
僖,hi3
僚,liau2
僛,ki1
僝,can2
僣,tiet5
僤,tan4
僥,hiau1
僦,ciu4
僧,sen1
僨,fun3
僩,han3
僬,ziau2
僭,ziam4
僮,tung2
僮,cong4
僯,lin1
僰,pet6
僱,gu4
僵,giong1
僶,men3
僸,gim4
價,ga4
僻,pit5
僽,ziu4
僾,oi4
儀,ngi2
儂,lung2
儃,sam2
儃,tan2
億,yi4
儆,gin3
儆,kiang4
儇,fan2
儈,kai4
儉,kiam4
儊,cu4
儋,dam4
儌,hiau1
儐,bin4
儑,ngam2
儒,yi2
儓,toi2
儔,ciu2
儕,ce2
儕,ha2
儗,ngi3
儘,cin4
儜,len2
償,song2
儠,liap6
儡,lui3
儢,li4
儤,bau4
儥,yuk5
儦,biau1
優,yiu2
儭,cin4
儱,lung3
儲,su2
儳,cam2
儴,yong2
儵,suk5
儷,li4
儸,lo2
儹,zan3
儺,lo2
儻,tong3
儼,ngiam3
儽,lui2
儿,yi3
兀,ngut5
允,yun3
元,ngien2
兄,hiung1
充,cung1
兆,cau4
兇,hiung1
先,sin1
先,sien1
光,gong1
克,ket5
兌,dui4
免,men1
兒,yi2
兔,tu4
兕,si4
兗,yen3
党,dong3
兜,deu1
兢,kin1
入,ngip6
內,lui4
全,cien2
兩,liong1
兩,liong3
八,bat5
公,gung1
六,luk5
六,luk6
兮,hi1
共,kiung4
兵,bin1
其,ki2
具,ki3
典,dien3
兼,giam1
冀,gi3
冇,mau2
冇,pang4
冉,ngiam3
册,cak5
再,zai4
冏,gen3
冑,ciu4
冒,mau4
冓,geu4
冔,hi3
冕,men1
冗,yung3
冘,yiu2
冚,kiem2
冞,mi2
冠,gon4
冠,gon1
冢,cung3
冤,yen1
冥,men1
冪,met5
冬,dung1
冰,ben1
冱,fu4
冶,ya3
冷,lang1
冽,liet6
凄,ci1
凅,gu4
准,zun3
凈,ciang4
凊,cin4
凋,diau1
凌,lin2
凍,dung4
凗,cui2
凘,su1
凜,lim3
凝,ngien2
凝,ken2
几,gi1
凡,fam2
凰,fong2
凱,koi3
凳,den4
凵,kem3
凵,kiem3
凶,hiung1
凸,tut6
凹,ngiap5
凹,au4
出,cut5
函,ham2
刀,dau1
刁,diau1
刃,ngiun3
分,bin1
分,bun1
分,fun1
分,fun4
切,ciet5
刈,ngai4
刊,kan1
刌,cun4
刎,vut5
刐,tan3
刑,hin2
划,fa2
刓,ngan2
刖,ngiet6
列,liet6
刜,fut5
初,co1
删,san1
刡,men3
判,pan4
別,piet6
刨,pau2
利,li4
刮,gat5
到,dau4
刱,cong3
刲,kui2
刳,ku1
刵,ngi3
制,zi4
刷,sot5
券,kien4
刺,ci4
刺,ciuk5
刺,ciuk5
刺,yap5
刻,ket5
刻,kat5
刻,kat6
剁,dok6
剃,tai4
剄,gin4
則,zet5
剉,co4
削,siok5
剋,ket5
剌,lat6
前,cien2
剎,sat5
剒,cok5
剔,tit5
剕,fui1
剖,peu3
剚,zu3
剛,gong1
剜,van1
剝,bok5
剟,dot5
剡,sam4
剡,yam3
剩,sin4
剩,yin4
剪,zien3
剫,tok6
剬,don1
剭,vuk5
剮,ga3
副,fu4
割,got5
剴,koi3
創,cong3
剷,can3
剸,zon1
剽,piau2
剿,ziau3
劀,gat5
劁,ziau1
劂,ket5
劃,vak6
劄,zap5
劇,kiak6
劈,piak5
劉,liu2
劊,kai4
劍,giam4
劏,tong1
劑,zi4
劑,ze4
劓,ngi4
劖,cam2
劘,mi2
力,lit6
功,gung1
加,ga1
劣,lot5
助,co4
努,lu3
劫,giap5
劬,ki2
劭,cau4
劻,kiong1
劼,giet5
劾,het5
勁,gin4
勃,put6
勇,yung3
勉,mien1
勍,gin1
勒,let5
動,tung1
動,tung4
勗,hiuk5
勘,kam4
務,vu4
勛,hiun1
勝,sin4
勝,sin1
勞,lau2
募,mu4
勢,se4
勢,si4
勣,zit5
勤,kiun2
勦,ziau3
勩,yi4
勱,mai4
勳,hiun1
勴,li4
勵,li4
勷,yong2
勷,siong1
勸,kien4
勺,sok5
勻,yun2
勾,geu1
勿,vut6
包,bau1
匆,cung1
匈,hiung1
匋,tau2
匍,pu2
匏,pau2
匐,pet6
匒,dap5
匕,bi3
化,fa4
北,bet5
匙,si2
匚,fong1
匜,yi2
匝,zap5
匟,kong4
匠,siong4
匡,kiong1
匣,hap6
匪,fui3
匭,gui3
匯,fui4
匰,dan1
匱,kui4
匴,son4
匹,pit5
匽,yen3
匾,bien3
匿,lit6
區,ki1
十,sip6
千,cien1
卄,ngip6
卅,sap5
升,sin1
午,ng3
卉,fui3
半,ban4
卑,bi1
卒,zut5
卓,zok5
協,hiap6
南,lam2
博,bok5
卜,buk5
卞,pien3
占,zam1
卡,ka1
卡,kat6
卣,yiu3
卦,ga4
卧,ngo4
卬,ngong1
卮,gi1
卯,mau1
印,yin4
危,ngui2
卲,sau4
即,zit5
卵,lon3
卵,lin3
卷,gien3
卸,sia4
卹,sut5
卻,kiok5
卿,kin1
厂,hon4
厄,ak5
厊,nga3
厏,za4
厓,ngai2
厔,zit5
厖,mang2
厘,li2
厚,heu4
厜,sui2
厝,cu4
厞,fui1
原,ngien2
厥,kiet5
厬,gui3
厭,yam4
厲,li4
厴,yam3
厶,meu1
厶,su1
去,hi4
厾,duk5
參,cam1
參,sem1
又,yiu4
叉,ca1
及,kip6
友,yiu1
反,fan3
叔,suk5
取,ci3
受,siu4
叛,pan4
叟,seu3
叡,yui4
叢,cung2
口,heu3
口,keu3
古,gu3
句,gi4
另,lang4
叨,tau1
叩,keu4
只,zit5
只,zi3
叫,giau4
召,cau4
叭,ba1
叮,den1
可,ko3
台,toi2
叱,cit5
史,su3
右,yiu4
叵,po3
司,su1
叻,liak6
叼,diau1
叾,duk5
吁,hi1
吂,man2
吃,ket5
吃,giet5
各,gok5
吆,yau1
合,hap6
吉,git5
吊,diau4
吋,cun4
同,tung2
名,min2
名,miang2
后,heu4
吏,li4
吐,tu4
向,hiong4
吒,za1
吒,za4
吔,ye2
吖,a1
吖,ap6
君,giun1
吝,lin4
吞,tun1
吟,ngim2
吠,poi4
吥,but5
否,feu3
否,pi3
吧,ba1
吨,tun1
吩,fun1
吪,ngo2
含,ham2
听,yin3
吭,hang1
吭,hong2
吮,con1
吰,fen2
吱,zi1
吳,ng2
吵,cau3
吶,nap6
吷,hiet5
吸,kip5
吹,cui1
吻,vun3
吼,hau1
吽,yim1
吾,ng2
呀,a2
呀,a1
呀,a3
呁,giun3
呂,li1
呃,ak5
呆,ngoi2
呈,cin2
告,gau4
告,guk5
呎,cak5
呠,pun4
呡,vun3
呢,le1
呢,li2
呣,m3
呦,yiu4
周,ziu1
呫,tiam1
呬,hi4
呰,zu3
呱,va1
呱,gu1
味,mui4
呴,hi1
呵,ho1
呶,lu2
呷,hap5
呸,pi1
呺,hiau1
呻,sin1
呼,fu1
命,min4
命,miang4
呾,dan4
呿,ki1
咀,zu3
咂,zap5
咄,dut5
咆,pau2
咇,bit5
咈,fut6
咋,za4
和,fo2
和,vo2
和,fo4
咍,hoi1
咎,giu4
咐,fu4
咒,ziu4
咕,gu3
咖,ga1
咚,dung1
咠,cip5
咡,ngi3
咢,ngok6
咥,zit5
咥,hi4
咦,yi2
咧,liet6
咨,zu1
咩,me1
咩,me4
咪,mi3
咪,mai4
咫,zi3
咬,ngau1
咯,gok6
咯,lo3
咱,za1
咳,ket5
咷,tau2
咸,ham2
咺,sien1
咻,hiu1
咼,vo1
咽,yen1
咽,yen4
咽,yet5
咾,lau3
咿,yi1
哀,oi1
品,pin3
哂,sin3
哄,fung3
哆,ci3
哇,va1
哈,hap6
哉,zai1
哋,ti4
哋,ti4
哎,ai1
哎,ai4
哏,gen1
員,yen2
哢,lung4
哤,mang2
哥,go1
哦,o2
哦,o1
哨,siau1
哩,li1
哩,le1
哪,lai4
哪,la2
哭,kuk5
哮,hau1
哱,put6
哲,ziet5
哳,ziet5
哶,mia1
哺,pu3
哼,ken1
哽,gang3
哿,ko3
唁,ngien4
唄,bui4
唄,bia3
唅,ham2
唆,so1
唆,so2
唇,sun2
唈,yip5
唉,ai1
唊,giap5
唎,li4
唏,hi1
唐,tong2
唔,m1
唚,cim3
唧,zit6
唪,fung3
唬,fu3
售,cu2
唯,vui2
唰,sot5
唱,cong4
唲,yi2
唳,lui4
唴,kiong4
唵,am3
唶,zak5
唶,zia3
唷,yo3
唸,ngiam4
唻,loi2
唼,ciap5
唾,to4
啀,ngai2
啁,zau1
啃,ken3
啄,dok5
啄,duk5
啅,dok5
商,song1
啊,o1
啋,cai1
啍,dun1
啍,zun1
啎,ngu4
問,mun4
啐,zut5
啑,ciap6
啕,tau2
啖,tam4
啗,tam4
啜,zot5
啜,sot5
啜,zot6
啞,a3
啟,ki3
啡,fui1
啣,ham2
啤,bia1
啤,pia1
啤,bi1
啥,sa4
啦,la1
啪,pak5
啱,ngam1
啲,tit6
啻,di4
啼,tai2
啾,ziu1
喀,hak5
喁,yung2
喁,ngi2
喂,vui3
喂,vui1
喃,lam2
善,sen4
喇,la2
喇,la1
喈,gai1
喉,heu2
喊,ham4
喊,hiem1
喋,tiap6
喎,vo3
喏,ngia1
喑,am4
喒,zam3
喓,yau1
喔,vok5
喘,con3
喙,vui3
喚,fon4
喜,hi3
喝,hot5
喟,vui3
喢,cap5
喣,hi1
喤,fong2
喥,tok6
喦,ngam2
喧,sien1
喨,liong4
喪,song1
喪,song4
喫,ket5
喬,kiau2
喭,ngan4
喭,ngien4
單,dan1
喱,li1
喲,yo3
喳,za1
喻,yi4
喿,cau4
嗀,guk5
嗂,yau2
嗃,hau1
嗄,sa4
嗅,ciu4
嗆,cong1
嗇,sit5
嗈,yung1
嗉,sio4
嗊,fung3
嗌,yit5
嗍,sok5
嗎,ma3
嗏,ca1
嗐,hoi4
嗑,hap6
嗑,hap6
嗒,tap5
嗓,song3
嗔,tien2
嗕,yuk6
嗖,suk5
嗚,vu1
嗛,kiam3
嗜,si4
嗝,gak5
嗟,zia1
嗡,vung1
嗢,vut5
嗣,su4
嗤,ci1
嗥,hau2
嗦,sok5
嗨,hoi1
嗯,ng3
嗱,la2
嗶,bit5
嗷,ngau2
嗺,cui1
嗻,zak5
嗼,mok5
嗽,cuk5
嗾,seu4
嗿,tam3
嘀,tit6
嘁,zap5
嘅,e4
嘆,tan4
嘈,cau2
嘉,ga1
嘌,piau1
嘍,leu2
嘍,leu4
嘎,gat5
嘏,gu3
嘐,gau1
嘐,hau1
嘒,fui4
嘓,get5
嘔,iu3
嘔,eu3
嘖,zit5
嘗,song2
嘛,ma1
嘛,ma2
嘟,du1
嘟,lu3
嘩,fa2
嘪,mai3
嘬,cai4
嘮,lau2
嘯,siau4
嘰,gi1
嘲,zau1
嘴,zoi4
嘴,zui3
嘶,su1
嘹,liau2
嘻,hi1
嘽,cien3
嘽,tan1
嘿,met6
噀,sun4
噁,ok5
噂,zun3
噆,cam3
噈,cuk5
噉,tam4
噊,yut6
噌,zen1
噌,cen1
噎,yit5
噎,et6
噓,hi1
噗,pok5
噘,ket5
噙,kim2
噞,ngiam4
噢,o1
噤,gim4
噥,lung2
器,hi4
噩,ngok6
噪,cau4
噫,yi4
噬,si4
噯,oi4
噰,yung1
噱,kiok5
噲,foi4
噳,ngi3
噴,pun4
噸,dun1
噹,dong1
噹,diong1
嚀,len2
嚃,tap5
嚄,vet6
嚅,si1
嚇,hak5
嚌,ci4
嚎,hau2
嚏,ti4
嚕,lu1
嚘,yiu1
嚙,ngat5
嚚,ngiun2
嚜,met6
嚥,yen4
嚦,lit6
嚧,lu2
嚨,lung2
嚫,cen4
嚮,hiong4
嚲,do3
嚳,guk5
嚴,ngiam2
嚵,cam2
嚶,yin1
嚷,yong3
嚼,ziok5
嚼,ciau4
囀,zon4
囁,ngiap5
囂,hiau1
囃,cap6
囅,zien3
囈,ngi4
囉,lo2
囊,long2
囋,zan4
囌,su1
囑,zuk5
囓,ngat5
囗,vui2
囚,ciu2
四,si4
囝,kien3
回,fui2
囟,sin4
因,yin1
囤,tun2
囪,cung1
囫,vut5
囮,ngo2
困,kun4
囹,lin2
固,gu4
囿,yiu4
圃,pu3
圄,ngi1
圇,lun2
圈,kien1
圉,ngi3
圊,cin1
國,get5
圍,vui2
園,yen2
圓,yen2
圔,yap5
圖,tu2
團,ton2
圛,yit6
圜,fan2
土,tu3
圠,yet5
圣,fut5
在,coi1
在,cai4
圩,yi2
圬,vu1
圭,gui1
圮,pi3
圯,yi2
地,ti4
圳,zun4
圻,ki2
圾,sap5
址,zi3
坅,kim3
均,giun1
坉,tun2
坊,fong2
坋,fun4
坍,tan1
坎,kam3
坏,poi1
坏,fai4
坐,co1
坐,co4
坑,hang1
坒,pi3
坡,bo1
坤,kun1
坦,tan3
坩,kam1
坪,piang2
坫,diam4
坭,lai2
坯,poi1
坰,gen1
坱,yong1
坳,au4
坴,luk5
坵,hiu1
坷,ko3
坻,ci2
坼,cak5
垂,sui2
垃,lap5
型,hin2
垌,tung4
垓,goi1
垔,yen1
垗,cau4
垛,do3
垝,gui3
垟,yong2
垠,ngiun2
垠,hien1
垢,geu4
垣,yen2
垤,diet5
垮,ka1
垸,van2
垹,bong1
垽,ngiun4
埂,gen3
埂,yin4
埃,ai1
埆,gok5
埇,yung3
埋,mai2
埌,long4
城,sang2
埏,yen2
埔,bu4
埕,cin2
埜,ya3
埞,tang4
域,vet5
埠,feu4
埢,gien4
埤,bi1
埧,gi3
埭,ti4
埰,cai3
埵,do3
埶,ngi4
執,zip5
執,zep5
埸,yit6
培,pui2
基,gi1
埻,zun3
埽,sau4
堀,fut5
堂,tong2
堅,gien1
堆,doi1
堇,giun3
堊,ok5
堋,pang2
堙,yin1
堝,vo1
堞,tiap6
堠,heu4
堡,bau3
堤,ti2
堧,ngion2
堨,giet5
堩,gen3
堪,kam1
堬,yi2
堭,fong2
堯,ngiau2
堰,yen3
報,bau4
堲,zit5
場,cong2
堵,du3
堶,to2
塉,zit5
塊,kai4
塋,yin2
塌,tap5
塍,sun2
塏,koi3
塑,su4
塒,si2
塓,met5
塔,tap5
塕,vung3
塗,tu2
塘,tong2
塚,cung3
塞,set5
塞,soi4
塢,vu1
塤,hiun1
填,tien2
塯,liu4
塱,long3
塲,cong2
塵,cin4
塹,ciam4
塺,moi2
塻,mok5
塾,suk6
塿,leu2
塿,leu1
墀,ci2
墁,man4
境,gin3
墅,su4
墆,diet5
墇,zong1
墈,ham4
墉,yung2
墊,tiap6
墊,dien4
墊,siap5
墋,cam3
墐,giun3
墓,mu4
墘,kien2
墜,cui4
墜,diet5
墝,kau1
增,zen1
墟,hi1
墠,sien4
墡,sien4
墣,pok5
墦,fan2
墨,met6
墩,dun1
墫,zun1
墮,to4
墱,den4
墳,fun2
墻,siong2
墼,git5
墾,ken3
壁,biak5
壅,vung1
壅,yung4
壆,bok5
壇,tan2
壈,lam3
壎,hiun1
壑,kok5
壒,ai4
壓,ap5
壓,ep5
壔,dau3
壕,hau2
壖,ngion1
壘,lui3
壙,kong3
壚,lu2
壝,vui3
壞,fai4
壟,lung1
壢,lak5
壢,lak6
壤,yong4
壩,ba4
士,su4
士,si3
壬,ngim2
壯,zong4
壹,yit5
壺,fu2
壼,kun3
壽,siu4
壿,zun1
夆,fung2
复,fuk5
夎,co4
夏,ha4
夕,sit6
外,ngoi4
夗,yen3
夙,suk5
多,do1
夜,ya4
夠,geu4
夢,mung4
夤,yin2
夥,fo3
大,tai4
天,tien1
太,tai4
夫,fu1
夬,gai4
夭,yau1
央,yong1
失,sit5
夷,yi2
夸,ka1
夾,kiap6
奀,ngan1
奄,yam1
奅,pau4
奇,ki2
奈,lai4
奉,fung4
奎,kui2
奏,zeu4
奐,fon4
契,ke4
奓,ca1
奔,bun1
奕,yit6
套,tau4
奘,zong4
奚,hi1
奜,fui3
奠,tien4
奡,ngau4
奢,ca1
奧,au4
奩,liam2
奪,tot6
奫,vun1
奭,sit5
奮,fun3
奰,bi4
女,ngi3
女,ng3
奴,lu2
奶,lai1
奸,gan1
她,ta1
奼,ca4
好,hau3
好,hau4
妁,zok5
如,yi2
妃,fui1
妄,mong3
妊,ngim4
妍,ngien2
妎,gai4
妒,du4
妓,gi3
妖,yau1
妗,kim1
妘,yun2
妙,miau4
妝,zong1
妞,ngiu3
妠,lap6
妣,bi3
妤,yi2
妥,to3
妧,ngan4
妨,fong2
妮,li2
妯,cuk6
妲,dat5
妳,li1
妳,lai1
妹,moi4
妺,mat6
妻,ci1
妾,ciap5
姁,hi3
姃,zin1
姅,ban4
姆,mu1
姊,zi3
始,ci3
姍,san1
姐,zia3
姑,gu1
姒,su4
姓,siang4
委,vui1
姗,san1
姘,pin1
姚,yau2
姛,tung4
姜,giong1
姞,giet5
姣,gau3
姤,geu4
姥,lau3
姦,gan1
姨,yi2
姪,cit6
姬,gi1
姮,hen2
姱,ka1
姶,hap6
姷,yiu4
姺,sin1
姻,yin1
姼,ci3
姿,zu1
威,vui1
娃,va1
娉,pin4
娊,hien4
娌,li3
娑,so1
娓,mui3
娕,cuk5
娖,cuk5
娘,ngiong2
娙,gang4
娛,ngu2
娜,lo2
娟,gien1
娠,sin2
娣,tai1
娥,ngo2
娩,van3
娭,oi1
娵,zeu1
娶,ci3
娸,ki2
娼,cong1
婀,o3
婁,leu2
婆,po2
婉,von3
婊,biau3
婐,vo3
婓,pui2
婕,ciap6
婚,fun1
婢,pi1
婥,sok5
婦,fu4
婦,bu1
婧,ciang4
婩,ngan4
婪,lam2
婬,yim2
婭,a4
婷,tin2
婸,tong4
婺,vu4
婼,sok5
婿,se4
媊,cien2
媌,mau2
媒,moi2
媓,fong2
媚,mi4
媛,yen4
媞,ti2
媟,siet5
媢,mau4
媦,vui4
媧,vo1
媮,yi2
媰,co1
媱,yau2
媲,pi4
媳,sit5
媵,yin3
媸,ci1
媺,mi3
媻,pan2
媼,vun3
媽,ma1
媾,geu4
媿,kui3
嫁,ga4
嫂,sau3
嫄,ngien2
嫇,men2
嫈,yin1
嫉,cit6
嫋,ngiau3
嫌,hiam2
嫕,yi4
嫖,piau2
嫗,yi3
嫘,lui2
嫚,man4
嫜,zong1
嫠,li2
嫡,dit5
嫢,gui1
嫣,yen1
嫥,zon1
嫦,song2
嫩,lun4
嫪,lau4
嫭,fu4
嫮,fu4
嫲,ma2
嫳,pet5
嫵,vu3
嫻,han2
嫽,liau2
嬇,kui4
嬈,ngiau2
嬉,hi1
嬋,sam2
嬌,giau1
嬖,pit5
嬗,sam2
嬙,siong2
嬝,liau3
嬤,mo2
嬥,tiau3
嬪,pin2
嬭,lai1
嬭,len4
嬮,yam1
嬰,yin1
嬲,liau1
嬴,yang2
嬸,sim3
孀,song1
孃,ngiong2
孅,siam1
孋,li2
孌,lan2
孎,zuk5
子,zu3
子,zu1
孑,giet5
孓,kiet5
孔,kung3
孕,yin3
孖,ma1
孖,zu1
字,su4
存,sun2
孚,fu1
孛,pat6
孜,zu1
孝,hau4
孟,men4
季,gui4
孤,gu1
孥,lu2
孩,hai2
孫,sun1
孬,vai4
孭,ba2
孰,suk6
孱,can2
孳,zu1
孵,fu1
學,hok6
孺,yi2
孻,lai1
孽,ngiet6
孿,lien2
宁,cu1
宁,len2
宂,yung3
它,ta1
宄,gui3
宅,cak6
宇,yi3
守,siu3
安,on1
宋,sung4
完,van2
完,yen2
宏,fen2
宓,met6
宓,fuk6
宕,tong4
宗,zung1
官,gon1
宙,ciu4
定,tin4
定,din2
宛,von3
宜,li2
客,hak5
宣,sien1
室,sit5
宥,yiu4
宦,fan4
宬,sin2
宮,giung1
宰,zai3
害,hoi4
宴,yen4
宵,siau1
家,ga1
容,yung2
宿,suk5
寀,cai3
寁,zam3
寂,cit5
寄,gi4
寅,yin2
密,mit6
寇,keu4
寋,kien3
富,fu4
寍,len2
寎,biang4
寐,mui4
寒,hon2
寓,ngi4
寔,sit6
寖,zim4
寞,mok5
察,cat5
寡,ga3
寢,cim3
寤,ngu4
寥,liau2
實,sit6
寧,len2
寨,cai4
審,sim3
寪,vui3
寫,sia3
寬,kon1
寮,liau2
寰,fan2
寱,ngi4
寵,cung3
寶,bau3
寸,cun4
寺,su4
封,fung1
尃,fu1
射,sa4
射,ya4
射,yit6
將,ziong1
將,ziong4
專,zon1
尉,vui3
尊,zun1
尋,cim2
對,dui4
導,tau3
小,siau3
少,sau3
少,sau4
尒,li3
尖,ziam1
尚,song4
尢,vong1
尤,yiu2
尥,liau4
尪,vong1
尬,gai4
尰,zung3
就,ciu4
尷,gam1
尸,si1
尹,yun3
尺,cak5
尻,kau1
尼,li2
尾,mui1
尿,ngiau4
局,kiuk6
屁,pi4
屄,biet5
居,gi1
屆,gai4
屈,kiut5
屈,vut5
屋,vuk5
屌,diau3
屍,si1
屎,si3
屏,pin2
屏,piang2
屏,bin3
屏,biang4
屐,kiak6
屑,siet5
展,zien3
屙,o1
屜,ti4
屝,fui1
屠,tu2
屢,li1
屣,sai3
層,cen2
層,cen4
履,li1
屧,siet5
屨,gi4
屩,giok5
屪,liau2
屬,suk6
屬,zuk5
屭,hi4
屮,ciet5
屯,tun2
山,san1
屴,lit6
屹,ngiet5
屺,hi3
屼,ngut5
岉,vut5
岊,ziet5
岌,kip5
岐,ki1
岑,cem2
岔,ca4
岠,ki3
岡,gong1
岣,geu3
岦,lip6
岧,tiau2
岨,zu3
岩,ngam2
岫,ciu4
岬,gap5
岱,toi4
岳,ngok6
岵,fu4
岷,min2
岸,ngan4
峇,ba1
峋,sun2
峐,goi1
峒,tung2
峓,yi2
峗,ngui2
峘,fon2
峙,si4
峨,ngo2
峪,yuk6
峭,ciau4
峰,fung1
峱,lau2
峴,hien4
島,dau3
峹,tu2
峻,zun4
峽,hiap6
峿,ng2
崁,kam4
崆,kung1
崇,cung2
崋,fa2
崌,gi1
崍,loi2
崎,ki1
崑,kun1
崒,zut5
崔,cui1
崖,ngai2
崗,gong1
崙,lun2
崚,lin2
崛,kiut5
崞,gok5
崟,ngim2
崢,zen1
崤,ngau2
崥,bi3
崥,pi2
崦,yam1
崩,ben1
崱,zet5
崴,vui1
崵,tong4
崵,yong2
崶,fung1
崽,zai3
崿,ngok6
嵁,kam1
嵂,lut6
嵇,hi1
嵊,sin4
嵋,mi2
嵌,kiam2
嵎,ngi2
嵐,lam2
嵒,ngam2
嵞,tu2
嵩,sung1
嵫,zu1
嵬,ngui2
嵯,co2
嵼,san3
嵾,cam1
嶁,leu3
嶂,zong4
嶄,zam3
嶇,ki1
嶒,zen1
嶓,bo1
嶔,kim1
嶕,ziau1
嶙,lin2
嶝,den1
嶞,to4
嶟,zun1
嶠,kiau2
嶡,ket5
嶢,ngiau2
嶧,yit6
嶬,ngi2
嶭,ngiet6
嶰,hai4
嶷,ngi2
嶸,yin2
嶺,liang3
嶺,liang1
嶼,si4
嶼,yi2
嶽,ngok6
巉,cam2
巋,gui1
巍,ngui2
巑,zon1
巒,lan2
巔,dien1
巖,ngam2
巘,hien3
巛,con1
川,con1
州,ziu1
巟,fong1
巠,gin1
巡,sun2
巢,cau2
工,gung1
左,zo3
巧,kiau3
巨,ki4
巫,mu2
差,ca1
差,cai1
差,ci1
己,gi3
已,yi3
巳,su4
巴,ba1
巷,hong4
巽,sun4
巾,gin1
市,si1
布,bu4
帆,fam2
帊,pa4
希,hi1
帑,tong3
帔,pi1
帕,pa4
帖,tiap5
帗,fut5
帘,liam2
帙,zit5
帚,ziu3
帛,pet6
帝,di4
帟,yit6
帢,kap5
帣,kien4
帤,yi2
帥,soi4
帨,soi4
師,su1
席,cit6
帳,zong4
帶,dai4
帷,vui2
常,song2
帽,mau4
幀,zin1
幃,vui2
幄,vok5
幅,fuk5
幅,buk5
幅,pit6
幌,fong3
幎,met5
幔,man4
幕,mok5
幗,get5
幘,zit5
幙,mok5
幛,zong1
幝,cien3
幟,ci4
幠,fu1
幡,fan1
幢,cong2
幢,tung2
幢,dung4
幣,bi4
幦,met5
幧,ciau1
幨,zam1
幩,fun2
幪,mung2
幫,bong1
幬,dau3
幭,met6
幮,cu2
幰,hien3
干,gon1
平,pin2
平,piang2
年,ngien2
幵,gen1
并,bin4
幸,hen4
幹,gon4
幺,yau1
幻,fam4
幼,yiu4
幽,yiu1
幾,gi3
幾,git5
幾,gi1
庀,pi3
庄,zong1
庇,bi4
庈,kim1
庉,tun2
床,cong2
庋,gui3
庌,nga3
序,si4
底,dai3
庖,pau2
店,diam4
庚,gang1
庛,cu4
府,fu3
庠,siong2
庣,tiau1
庤,si4
庥,hiu1
度,tu4
度,tok6
座,co4
庨,hau1
庫,ku4
庭,tin2
庮,yiu2
庳,pi4
庵,am1
庶,su4
康,kong1
庸,yung2
庹,to2
庾,yi3
廁,ci4
廂,siong1
廇,liu4
廈,ha4
廉,liam2
廊,long2
廋,seu1
廌,sai3
廑,giun3
廒,ngau2
廓,kok5
廕,yim4
廖,liau4
廚,cu2
廛,cien2
廝,su1
廞,him1
廟,miau4
廠,cong3
廡,vu3
廢,fui4
廣,gong3
廥,kai4
廧,siong2
廨,hai4
廬,lu2
廯,sien3
廱,yung1
廳,tang1
延,yen2
廷,tin2
建,gien4
廾,giung3
廿,ngip6
廿,ngiam4
弁,pien4
弁,pan2
异,yi4
弄,lung4
弇,yam3
弈,yit6
弊,bi4
弋,yit6
式,sit5
弒,si4
弓,giung1
弔,diau4
引,yin3
弗,fut5
弘,fen2
弛,ci2
弝,ba4
弟,ti4
弟,tai1
弢,tau1
弣,fu3
弤,di3
弦,hien2
弧,fu2
弨,cau1
弩,lu3
弭,mi2
弮,kien1
弰,sau1
弱,ngiok6
張,zong1
張,cong1
弶,kiong4
強,kiong2
強,kiong3
強,kiong1
弸,ben1
弼,pet6
彀,geu4
彄,keu1
彆,piet6
彈,tan2
彈,tan2
彌,li2
彎,van1
彔,luk6
彗,sui4
彘,ci3
彙,fui4
彙,lui4
彝,yi2
彡,sam1
形,hin2
彤,tung2
彥,ngien4
彧,yuk5
彩,cai3
彪,biau1
彫,diau1
彬,bin1
彭,pang2
彯,piau1
彰,zong1
影,yang3
影,yang4
彳,cit5
彴,sok5
彷,fong3
彸,zung1
役,yit6
彼,bi3
彽,ci2
彿,fut5
往,vong1
征,zin1
徂,cu2
待,toi4
徇,sun2
很,hen3
徉,yong2
徊,fui2
律,lut6
後,heu4
後,heu1
徐,ci2
徑,gin4
徑,gang4
徒,tu2
得,det5
徘,pai2
徙,sai3
徛,ki1
徜,song2
從,cung2
從,cung2
從,cung4
徟,ziu1
徠,loi2
御,ngi4
徨,fong2
復,fuk6
循,sun2
徬,pong2
徭,yau2
微,mi2
徯,hi1
徵,zin1
德,det5
徹,ciet5
徻,kai4
徼,giau3
徼,hiau1
徽,fui1
徿,lung3
忀,siong1
心,sim1
必,bit5
忉,dau1
忌,ki4
忍,ngiun1
忐,tan3
忑,tit5
忒,tit5
忒,tet5
忔,ngiet5
忖,cun3
志,zi4
忘,mong4
忙,mong2
忝,tiam3
忞,min2
忠,zung1
忡,cung1
忤,ng3
忨,ngan4
忪,zung1
快,kai4
快,kai1
忭,pien4
忮,ki4
忯,ki2
忱,sim2
忳,tun2
念,ngiam4
忸,ngiu3
忻,hiun1
忽,fut5
忿,fun3
怊,cau1
怌,pi1
怍,zok5
怎,zen1
怏,yong4
怐,keu4
怒,lu4
怓,lau2
怔,zin1
怕,pa4
怕,fa4
怖,bu4
怗,tiap5
怙,fu4
怚,zi1
思,su1
怠,tai4
怡,yi2
怤,fu1
急,gip5
怦,pin1
性,sin4
性,siang4
怨,yen4
怩,li2
怪,gai4
怫,fut5
怭,bit5
怮,yiu2
怯,kiap5
怲,biang4
怳,fong3
怵,zut5
恀,ci3
恁,ngim4
恁,an2
恁,an4
恂,sun2
恃,si4
恅,lau3
恆,hen2
恇,kiong1
恌,tiau1
恍,fong3
恐,kiung3
恒,hen2
恓,si1
恔,gau3
恕,su4
恙,yong4
恚,fui4
恛,fui2
恝,kat5
恞,yi2
恟,hiung1
恢,foi1
恣,zu3
恣,zu1
恤,sut5
恥,ci3
恧,luk5
恨,hen4
恩,en1
恪,kok5
恫,tung2
恬,tiam2
恭,giung1
息,sit5
恰,kap5
恿,yung3
悁,gien1
悃,kun3
悄,ciau3
悅,yet6
悇,tu2
悈,gai4
悉,sit5
悌,ti4
悍,hon4
悎,hau3
悒,yip5
悔,fui4
悕,hi1
悖,poi4
悗,man1
悚,sung3
悛,cien1
悝,foi1
悟,ngu4
悠,yiu2
患,fam4
您,lin2
悰,cung1
悱,fui3
悲,bui1
悴,cui4
悵,zong4
悶,mun4
悷,lui4
悸,gui4
悺,gon3
悻,hen4
悼,tau4
悽,ci1
悾,kung1
惁,sit5
惃,kun1
惄,lit6
情,cin2
惆,ciu2
惈,go3
惉,zam1
惊,giang1
惊,liong2
惋,van3
惌,yen1
惎,ki4
惑,fet6
惓,kien2
惔,tam2
惕,tit5
惘,miong3
惙,dot5
惚,fut5
惛,fun1
惜,sit5
惜,siak5
惝,cong3
惟,vui2
惠,fui4
惡,ok5
惡,vu4
惢,so3
惦,diam4
惰,to4
惱,lau3
惱,lau1
惲,vun3
想,siong3
惴,zui3
惵,tiap6
惶,fong2
惶,kong2
惸,kiun2
惹,ngia1
惺,sen1
惻,cet5
惼,bien3
愀,ciau3
愁,siu2
愁,seu2
愆,ken3
愈,yi4
愉,yi2
愊,bit5
愋,sien1
愍,men3
愍,min3
愎,bit5
意,yi4
愒,koi4
愔,yim1
愕,ngok6
愖,sim4
愘,ka4
愚,ngi2
愛,oi4
愜,giap5
感,gam3
愣,lin4
愧,kui3
愨,kok5
愫,su4
愬,su4
愮,yau2
愲,gut5
愴,cong3
愶,hiap6
愷,kai3
愾,koi3
愿,ngien4
慁,fun4
慄,lut6
慆,tau1
慇,yin1
慈,cu2
慉,hiuk5
慊,kiap5
態,tai4
慌,fong1
慍,vun4
慎,sin3
慏,men3
慒,cau2
慔,mok6
慕,mu4
慘,cam3
慚,cam2
慝,lit5
慞,zong1
慟,tung4
慢,man4
慣,gan4
慥,cau4
慦,giu4
慧,fui4
慨,koi4
慪,iu1
慫,sung3
慬,kiun2
慮,li4
慰,vui3
慱,ton2
慳,han1
慵,yung2
慶,kin4
慷,kong3
慹,zip5
慺,leu2
慼,cit5
慾,yuk6
憀,liau2
憂,yiu1
憃,zung1
憊,pai4
憋,biet5
憍,giau1
憎,zen1
憐,lien2
憑,pin2
憑,pen4
憒,kui4
憔,ziau2
憖,ngiun4
憚,tan4
憝,dui4
憟,suk5
憤,fun3
憧,cung1
憨,ham1
憩,hi4
憪,han2
憫,men3
憬,gin3
憭,liau2
憮,vu3
憯,cam3
憰,giet5
憲,hien4
憳,tam3
憴,sin2
憶,yit5
憸,ciam1
憺,tam4
憾,ham4
憿,hiau1
懂,dung3
懅,gi4
懆,cau4
懇,ken3
懈,hai4
應,yin1
應,yin4
懊,au3
懋,meu4
懌,yit6
懍,lim3
懟,dui4
懠,zi4
懣,mun4
懤,ciu3
懥,zi4
懦,lo4
懩,yong3
懭,kong3
懮,yiu2
懰,liu3
懲,cin2
懵,mung3
懶,lan1
懷,fai2
懸,hien2
懺,cam4
懻,gi4
懼,ki3
懽,fon1
懾,ngiap5
懿,yi4
戀,lien4
戁,lan3
戄,kiok5
戇,ngong4
戇,zong4
戈,go1
戉,yet6
戊,vu4
戌,sut5
戍,su3
戎,yung2
成,sin2
成,sang2
成,cang2
我,ngo1
戒,gai4
戔,zien1
戕,cong2
或,fet6
戙,tung4
戚,cit5
戛,gat5
戟,git5
戠,zit5
戡,kam1
戢,cip5
戣,kui2
戥,ten4
戧,cong4
戩,zien3
截,ciet6
戭,yin3
戮,luk6
戰,zien4
戲,hi4
戳,cok5
戴,dai4
戶,fu4
戶,fu1
户,fu4
户,fu1
戽,fu4
戾,lui4
房,fong2
所,so3
扁,bien3
扂,diam4
扃,gen1
扆,yi3
扇,sien4
扈,fu4
扉,fui1
扊,yam3
手,siu3
才,coi2
扎,zat5
扑,bok6
扑,pok5
扒,pa2
打,da3
打,da1
扔,yin2
托,tok5
扚,dit5
扛,gong1
扞,hon4
扠,ca1
扡,to1
扡,ya3
扢,gut5
扢,ngiet5
扣,keu4
扤,ngut5
扦,tiap6
扭,ngiu3
扮,pan4
扯,ca3
扱,cap5
扱,kip5
扲,lem2
扳,ban1
扶,fu2
扶,pu2
批,pi1
批,pai1
扻,kam3
扼,ak5
扽,dun4
找,zau3
承,sin2
技,ki3
抃,pien4
抄,cau1
抄,cau4
抆,min3
抈,ngiet6
抉,giet5
把,ba3
抌,dem3
抎,yun3
抑,yit5
抒,su3
抓,zau3
抔,pui1
投,teu2
抖,deu3
抗,kong4
折,ziet5
抨,pang1
抪,bu4
披,pi1
抬,toi2
抰,yong3
抱,pau1
抵,dai3
抶,zit5
抹,mat5
抹,mat5
押,ap5
抽,ciu1
抾,ki1
抿,min2
拂,fut5
拂,fit5
拂,fit6
拄,zu4
拆,cak5
拇,mu3
拈,ngiam1
拈,ngiam3
拉,lai1
拊,fu3
拋,pau1
拌,pan4
拌,pan1
拍,pok5
拍,pak5
拎,lang2
拏,la2
拐,gai3
拑,kiam2
拒,ki3
拓,tok5
拔,pat6
拖,to1
拗,au4
拗,au3
拘,ki1
拙,zot5
拚,pin4
拚,pin4
招,zau1
拜,bai4
拫,hen2
括,gat5
拭,sit5
拮,giet5
拯,zin3
拱,giung3
拲,giung3
拳,kien2
拴,cien2
拶,zat5
拷,kau3
拹,hiap6
拺,set5
拼,pin4
拼,pin1
拽,yi3
拾,sip6
拿,la1
拿,la2
持,ci2
挂,ga4
指,zi3
挈,kiet5
按,on4
挋,zin3
挌,gak5
挍,gau3
挏,tung2
挐,la2
挑,tiau1
挓,za1
挖,vat5
挖,vet5
挨,ai1
挩,tot5
挪,lo2
挫,co4
挬,put6
挭,gen3
振,zin3
挲,so1
挶,kiuk6
挹,yip5
挺,tin3
挼,lo2
挽,van3
挾,hiap6
捂,ngu4
捃,kiun3
捄,kiu2
捅,tung3
捆,kun3
捉,zok5
捉,zuk5
捋,lot6
捌,bat5
捍,hon4
捎,sau1
捏,ngiap5
捐,gien1
捔,gok5
捕,pu3
捖,van2
捘,zun4
捥,von3
捧,bung3
捨,sa3
捩,liet6
捩,lui4
捫,mun2
捭,bai3
据,gi4
捱,ngai2
捲,gien3
捵,dien3
捶,cui2
捷,ciap6
捺,lat6
捻,ngiam3
捻,liem1
捼,lo2
捽,cut5
捽,zut6
掀,hien1
掂,tiam4
掃,sau4
掄,lun2
掇,dot5
授,siu3
掉,tiau4
掊,peu2
掊,peu3
掌,zong3
掍,gun3
掎,yi3
掏,tau2
掐,kap5
排,pai2
掔,ken1
掖,yit6
掖,yap6
掗,a1
掘,kiut6
掙,zang4
掛,ga4
掝,fet6
掞,yam4
掟,diang4
掟,dang1
掠,liok6
採,cai3
探,tam4
探,tam1
掣,zi4
掣,cit5
掤,ben1
接,ziap5
控,kung4
推,tui1
推,toi1
掩,yam3
措,cu4
掫,zeu1
掬,kiuk5
掭,tiam4
掹,bang1
掽,pang4
掾,yen2
揀,gan3
揃,zien4
揄,yi2
揅,ngan1
揆,kui2
揇,lam3
揈,vin4
揉,ngeu2
揍,zeu4
揎,sien1
描,miau2
提,ti2
插,cap5
揖,yip5
揗,sun2
揚,yong2
換,von4
揜,yam3
揝,zam4
揞,em1
揠,yet5
握,vok5
揣,cui3
揥,di4
揩,kai1
揪,ziu1
揫,ziu1
揭,giet5
揮,fui1
揰,cung4
揱,sok5
揲,tiap6
揲,siet6
揳,siet5
援,yen1
揵,kien2
揶,ya2
揸,za1
搆,geu4
搉,kok5
搊,ciu1
搌,zien3
損,sun3
搎,sun1
搏,bok5
搐,hiuk5
搒,bong3
搓,cai1
搔,sau1
搕,hap6
搖,yau2
搗,dau3
搘,zi1
搛,giam1
搜,seu1
搞,gau3
搠,sok5
搡,song3
搢,zin4
搣,met6
搤,ak5
搥,cui2
搦,lit6
搧,sien4
搨,tap5
搪,tong2
搬,ban1
搬,pan1
搭,dap5
搮,lit6
搯,tau1
搰,gut5
搴,ken1
搵,vun3
搶,ciong3
搷,tien2
搽,ca2
搾,za4
摀,vu3
摋,sat5
摎,lau1
摐,cung1
摑,get3
摒,bin4
摓,fung2
摔,sut5
摘,zak5
摙,lien4
摛,li2
摜,gon4
摝,luk5
摞,lo2
摟,leu1
摟,leu2
摟,leu3
摠,zung3
摥,tong4
摧,cui1
摩,mo2
摫,gui1
摭,zak5
摯,zi4
摲,cam1
摳,keu1
摴,su1
摵,cit5
摶,ton2
摸,mo1
摹,mo2
摺,zap5
摻,cam1
摽,biau1
摽,piau3
撅,kiet5
撇,piet5
撈,leu2
撈,lau1
撈,lak5
撉,dun1
撊,han2
撋,lo4
撏,cim2
撏,ciam2
撐,cang1
撐,cang4
撑,cang1
撒,sat5
撒,sot5
撓,lau2
撕,su1
撖,kam3
撙,zun3
撚,ngien3
撞,cong4
撟,giau3
撢,tam2
撣,tan4
撣,sien4
撤,ciet5
撥,pat5
撦,ca3
撩,liau2
撩,liau1
撩,tiau1
撫,fu3
撬,kiau4
播,bo4
撮,cot5
撰,con4
撱,to3
撲,pok5
撳,kim4
撻,dat5
撼,ham3
撽,git5
撾,go1
撿,giam3
擁,yung3
擂,lui2
擃,long3
擄,lu3
擅,sien4
擇,cak6
擇,tok6
擉,cok5
擊,git5
擋,dong3
操,cau1
擎,kiang2
擎,kia2
擐,kan4
擒,kim2
擔,dam1
擔,dam4
擖,got5
擗,piak5
擘,mak5
擙,au3
據,gi4
擠,zi4
擢,cok6
擣,dau3
擤,sen4
擦,cat5
擩,yi4
擬,ngi3
擯,bin3
擰,len2
擱,gok5
擲,cit5
擴,kok5
擷,giet5
擸,lap6
擺,bai3
擻,seu3
擽,liok6
擾,yau3
擿,tit5
攀,pan1
攃,cat5
攄,su1
攆,lien3
攎,lu2
攏,lung3
攐,ken1
攔,lan2
攖,yin1
攘,yong4
攙,cam1
攛,con3
攜,hi1
攝,ngiap5
攝,ngiap6
攞,lo3
攢,cien2
攢,zon1
攣,lien3
攤,tan1
攤,tang1
攩,dong3
攪,gau3
攫,kiok5
攬,lam3
攮,long3
支,zi1
攰,kioi4
攲,ki2
攴,pok5
收,siu1
攷,kau3
攸,yiu2
改,goi3
攻,gung1
攽,bin1
放,fong4
政,zin4
敃,men3
故,gu4
效,hau4
敉,mi3
敏,men3
救,giu4
敓,tot6
敔,ngi3
敕,cit5
敖,ngau2
敗,pai4
敘,si4
教,gau1
教,gau4
敜,ngiap5
敝,bi4
敞,cong3
敢,gam3
散,san4
散,san3
敥,yam4
敦,dun1
敧,ki1
敨,teu3
敬,gin4
敲,kau1
敳,ngoi2
整,zin3
敵,tit6
敷,fu1
數,su4
數,su4
敹,liau2
敿,giau3
斁,du4
斂,liam3
斂,liam1
斃,bi4
文,vun2
斌,bin1
斐,fui3
斑,ban1
斒,ban1
斕,lan2
斗,deu3
料,liau4
斛,fuk6
斜,sia2
斜,cia2
斝,ga4
斞,yi3
斟,zim1
斡,vat5
斢,teu4
斣,deu4
斤,gin1
斥,cit5
斧,bu3
斨,ciong1
斫,zok5
斬,zam3
斮,zok5
斯,su1
新,sin1
斷,ton4
斷,don4
斷,ton1
斸,zuk5
方,fong1
於,yi1
施,si1
斿,yiu2
旁,pong2
旂,ki2
旃,zien1
旄,mau2
旅,li3
旋,sien2
旋,con4
旌,zin1
旎,li3
族,cuk6
旐,cau4
旒,liu2
旓,sau1
旖,yi3
旗,ki2
旛,fan1
旝,kai4
旟,yi2
旡,gi4
既,gi4
日,ngit5
旦,dan4
旨,zi3
早,zau3
旬,sun2
旭,hiuk5
旰,gon4
旱,hon1
旺,vong4
旻,men3
昂,ngong2
昃,zet5
昄,ban3
昆,kun1
昇,sin1
昉,fong3
昊,hau4
昋,gui4
昌,cong1
明,min2
昏,fun1
昐,fun1
易,yi4
易,yit6
昔,sit6
昕,hiun1
昜,yong2
昝,cam4
星,sin1
星,sang1
映,yang3
映,yong3
昡,hien4
昢,put6
春,cun1
昧,mui3
昨,zok5
昭,zau1
是,si4
昱,yuk5
昳,diet5
昴,mau1
昵,lit6
昶,cong3
昺,biang3
時,si2
晃,fong3
晅,sien1
晉,zin4
晌,song3
晏,an4
晙,zun4
晚,man1
晚,min1
晛,hien3
晝,ziu4
晞,hi1
晟,sin2
晢,ziet5
晤,ngu4
晥,fan3
晦,fui4
晨,sin2
晬,zui4
普,pu1
景,gin3
晰,sit5
晴,ciang2
晶,zin1
晷,gui3
晸,zin3
智,zi4
晻,yam3
晼,von3
晾,long4
暄,sien1
暆,yi2
暇,ha4
暈,fun2
暈,vin2
暈,yun4
暉,fui1
暋,min1
暌,kui2
暍,yet5
暐,vui3
暑,cu3
暖,lon1
暗,am4
暘,yong2
暝,men2
暝,men4
暠,hau1
暢,cong4
暨,ki1
暫,ciam4
暮,mu4
暯,mok5
暱,lit6
暴,pau4
暴,puk6
暵,hon4
暸,liau2
暹,siam1
暾,dun1
曀,yi4
曄,yap6
曆,lak6
曇,tam2
曈,tung2
曉,hiau3
曏,hiong4
曖,oi4
曙,su4
曚,mung2
曛,hiun1
曜,yau4
曝,puk6
曠,kong4
曦,hi1
曨,lung2
曩,long3
曬,sai4
曭,dong3
曰,yet5
曱,cat6
曲,kiuk5
曳,yi3
更,gen4
更,gang1
更,gang1
曷,hot5
書,su1
曹,cau2
曼,man4
曾,cen2
曾,zen1
替,tai4
最,zui4
朁,cam3
會,fui4
會,voi4
朅,kiet5
月,ngiet6
有,yiu1
朋,pen2
服,fuk6
朏,fui3
朓,tiau4
朔,sok5
朕,zim4
朗,long3
朘,zoi1
朘,zun4
望,mong4
朝,zau1
朝,cau2
期,ki2
朣,tung2
朦,mung2
朧,lung2
木,muk5
未,vui4
末,mat6
本,bun3
札,zat5
朮,sut6
朱,zu1
朳,pat6
朳,pa2
朴,pok5
朵,do3
朹,kiu2
机,gi1
朻,kiu2
朽,hiu3
朿,cu4
杅,yi2
杆,gon1
杇,vu1
杈,ca4
杉,cam3
杋,fam2
杌,ngut5
李,li3
杏,hen4
材,coi2
村,cun1
杓,sok6
杕,ti4
杖,cong4
杗,mong2
杙,yit6
杜,tu4
杝,yi2
杞,gi3
束,suk5
杠,gong1
杠,gong4
杪,miau3
杬,ngien2
杭,hong2
杯,bui1
杰,kiet6
東,dung1
杲,gau3
杳,miau3
杴,kiam1
杵,cu3
杶,cun1
杷,pa2
杸,su2
杻,ciu3
杻,ngiu3
松,cung2
板,ban3
极,kip5
枇,pi2
枉,vong3
枋,fong1
枌,fun1
枎,fu2
析,sit5
析,sak5
枑,fu4
枒,nga2
枓,deu3
枕,zim3
林,lim2
枘,lui4
枚,moi2
果,go3
枝,gi1
枝,zi1
枯,ku1
枰,pin2
枱,toi2
枲,sai3
枳,zit5
枴,gai3
架,ga4
枷,ga1
枸,geu3
枹,fu1
枻,yi4
柀,bi3
柁,to4
柃,lin2
柄,biang4
柅,li3
柏,pak5
某,meu1
柑,gam1
柒,cit5
染,ngiam4
柔,yiu2
柘,za4
柙,ap5
柚,yiu4
柛,sin1
柜,gi3
柝,tok6
柞,cok6
柢,di3
柤,za1
查,ca2
柧,gu1
柩,giu4
柬,gan3
柮,lut6
柯,ko1
柰,lai4
柱,cu1
柱,cu4
柳,liu3
柴,cai2
柵,san1
柷,zuk5
柿,se2
柿,su4
栒,sun3
栓,san1
栔,ke4
栖,ci1
栗,lit6
栘,yi2
栚,cim4
栝,gat5
栟,bin1
栟,bin1
校,gau3
校,gau4
栩,hi3
株,zu1
栫,zien4
栭,yi2
栱,giung3
栲,kau3
栳,lau3
栴,zien1
栵,liet6
核,het6
核,fut6
根,gin1
根,gen1
栻,sit5
格,gak5
栽,zai1
桀,kiet6
桁,hang2
桂,gui4
桃,tau2
桄,gong1
桅,ngui2
框,kiong1
案,on4
桋,yi2
桌,zok5
桍,ka1
桍,ka3
桎,zit5
桏,kiung2
桐,tung2
桑,song1
桓,fon2
桔,git5
桕,kiu1
桫,so1
桮,bui1
桯,tin1
桱,gin4
桲,put6
桴,fu1
桶,tung3
桷,gok5
桹,long2
桼,cit5
桿,gon1
梀,suk5
梁,liong2
梂,kiu2
梃,tin3
梅,moi2
梆,bong1
梌,tu2
梏,guk5
梐,pi4
梓,zu3
梔,gi1
梖,bui4
梗,gang3
梗,gang3
梜,giap5
條,tiau2
梟,hiau1
梠,li1
梢,sau1
梧,ng2
梨,li2
梪,teu4
梫,cim1
梭,so1
梮,kiuk6
梯,toi1
械,hai4
梱,kun3
梲,zot5
梳,so1
梴,yen2
梵,fam2
棄,hi4
棇,cung1
棉,mien2
棋,ki2
棌,cai3
棍,gun4
棎,sam2
棐,fui3
棑,pai2
棒,pong3
棕,zung1
棖,cen2
棗,zau3
棘,git5
棚,pang2
棜,yi4
棟,dung4
棠,tong2
棡,gong1
棣,ti4
棤,sit5
棦,zang1
棧,can4
棨,ki3
棫,vet5
棬,kien1
森,sem1
棯,lem3
棯,ngiam4
棰,cui3
棱,lin2
棲,ci1
棳,zot5
棵,ko1
棵,po1
棶,loi2
棷,zeu1
棸,zeu1
棹,zok5
棺,gon1
棻,fun1
棼,fun2
椄,ziap5
椅,yi3
椆,ciu2
椇,gi3
椊,zut5
椋,liong2
椌,kiong1
植,cit6
椎,zui1
椎,cui2
椏,a1
椐,gi1
椑,bi1
椒,ziau1
椓,dok5
椰,ya2
椳,voi1
椴,ton4
椵,ga4
椷,kiam2
椸,yi2
椹,zem1
椹,sim4
椽,con2
椿,cun1
楀,yi3
楂,ca2
楄,pien2
楅,bet5
楉,yok6
楊,yong2
楎,fui1
楓,fung1
楔,siet5
楖,zit5
楗,kien4
楘,muk5
楙,meu4
楚,co3
楛,fu3
楝,lien4
楞,lin2
楠,lam2
楣,mi2
楥,hien4
楨,zin1
楩,pien2
楪,yap6
楫,ziap5
楬,giet5
業,ngiap6
楮,cu3
楯,sun3
楴,ti4
極,kit6
極,git6
楷,kai3
楷,gai1
楸,ciu1
楹,yin2
楺,ngeu3
概,kai3
榆,yi2
榎,ga3
榑,fu2
榓,met6
榔,long2
榕,yung2
榖,guk5
榗,zien4
榛,cin2
榜,bong3
榤,kiet6
榥,fong3
榦,gon4
榨,za4
榪,ma4
榫,sun3
榬,yen2
榭,cia4
榮,yin2
榯,si2
榰,zi1
榱,soi1
榴,liu2
榷,kok5
榹,su1
榻,tap5
榼,hap6
榾,gut5
榿,ki1
槁,gau3
槃,pan2
槄,tau1
槊,sok5
構,geu4
槌,cui2
槍,ciong1
槎,ca1
槐,fai2
槓,gong4
槢,sip6
槤,lien2
槥,sui4
槧,ciam4
槨,gok5
槭,cuk5
槮,sem1
槱,yiu3
槲,fuk6
槳,ziong3
槷,ngiet6
槸,ngi4
槻,gui1
槽,cau2
槾,man4
槿,giun3
樀,dit5
樁,zung1
樂,lok6
樂,ngok6
樂,ngau4
樅,cung2
樆,li2
樊,fan2
樋,dung3
樏,lui2
樑,liong2
樓,leu2
樔,cau2
樕,suk5
樗,su1
標,biau1
標,piau1
樛,giu1
樞,ki1
樟,zong1
樠,man2
模,mu2
樣,yong4
樨,si1
樲,li4
樵,ziau1
樸,pok5
樹,su4
樺,fa2
樻,kui4
樽,zun1
樾,yet6
樿,zien4
橄,gam3
橆,vu2
橇,kiau1
橈,ngiau2
橉,lin4
橋,kiau2
橐,tok5
橑,lau3
橔,dun1
橕,cang1
橘,git5
橙,cang2
橚,suk5
橝,tam2
機,gi1
橡,siong4
橢,to3
橦,tung2
橧,zen1
橫,vang2
橫,vang4
橿,giong1
檀,tan2
檁,lim3
檄,git5
檇,zui4
檉,sin4
檍,yit5
檎,kim2
檐,yam2
檑,lui2
檔,dong4
檕,hi4
檖,sui4
檗,pit5
檛,za1
檜,kai4
檟,ga3
檠,kiang2
檢,giam3
檣,siong2
檥,ngi3
檬,mung2
檮,tau2
檯,toi2
檳,bin1
檴,vok5
檸,len2
檻,kiam1
檻,kam3
檽,leu3
櫂,cau4
櫃,kui4
櫅,zi4
櫌,yiu2
櫑,lui2
櫓,lu1
櫚,li1
櫛,zet5
櫜,gau1
櫝,tuk6
櫞,yen2
櫟,lit6
櫥,cu2
櫧,zu1
櫨,lu2
櫪,lit6
櫬,cin4
櫯,su1
櫳,lung2
櫸,gi3
櫺,lin2
櫻,yin1
櫼,ziam1
欀,siong1
欃,cam2
欄,lan2
權,kien2
欋,ki1
欏,lo2
欑,zon1
欒,lan2
欓,dong4
欖,lam3
欞,lin2
欠,kiam4
次,cu4
欣,hiun1
欨,hi1
欬,ket5
欭,yi4
欯,git5
欱,hap6
欲,yuk6
欶,suk5
欷,hi1
欸,e3
欹,yi1
欺,ki1
欽,kim1
款,kan3
欿,kam3
歁,kam3
歃,cap5
歆,him1
歇,hiet5
歈,yi2
歉,kiap5
歊,hiau1
歌,go1
歍,vu1
歎,tan4
歐,iu1
歔,hi1
歕,pun2
歖,hi3
歙,hip5
歛,ham4
歟,yi2
歡,fon1
止,zi3
正,zin4
正,zang4
正,zang1
此,cu3
步,pu4
武,vu1
歧,ki1
歪,vai1
歲,soi4
歷,lit6
歸,gui1
歹,dai3
死,si3
歾,mut6
歿,mut6
殀,yau1
殂,cu2
殃,yong1
殄,tien4
殆,tai4
殉,sun2
殊,su2
殍,piau3
殔,yi4
殖,cit6
殘,can2
殙,fun1
殛,git5
殞,yun3
殣,giun3
殤,song1
殪,yi4
殭,giong1
殮,liam4
殯,bin4
殰,tuk6
殲,ziam1
殳,su2
段,ton4
殷,yin1
殺,sat5
殼,hok5
殽,ngau2
殿,tien4
毀,fui3
毃,kok5
毄,git5
毅,ngi4
毆,iu3
毋,vu1
母,mu1
每,mui1
毐,ai3
毒,tuk6
毒,teu4
毓,yuk5
比,bi3
毖,bi4
毗,pi2
毘,pi2
毚,cam2
毛,mau1
毣,muk5
毤,to4
毦,ngi4
毧,yung2
毨,sien3
毫,hau2
毬,kiu2
毯,tan3
毰,pui2
毳,cui4
毸,soi1
毹,su1
毻,to3
毼,hot5
毽,gien4
毾,tap5
毿,cam1
氂,li2
氃,tung2
氄,yung3
氆,pu3
氈,zien1
氍,ki1
氏,si4
氐,di3
民,min2
氓,men2
气,hi4
氖,nai1
氛,fun1
氟,fut5
氣,hi4
氤,yin1
氦,hoi4
氧,yong1
氨,on1
氫,hin1
氮,tam4
氯,luk6
氲,vun1
氳,vun1
水,sui3
永,yun1
氹,tem2
氾,fam4
氿,gui3
汀,dang1
汀,tin1
汁,zip5
求,kiu2
汊,ca4
汋,zok5
汍,yen2
汎,fam4
汐,sip6
汒,mong2
汔,ngiet5
汕,san4
汗,hon4
汙,vu1
汛,sin4
汜,su4
汝,li3
汞,fung3
江,gong1
池,ci2
污,vu1
汨,met5
汩,yet5
汪,vong1
汭,lui4
汰,tai4
汲,kip5
汴,pien4
汶,vun3
決,giet5
汽,ki4
汾,fun1
沀,si4
沁,cim4
沂,ngi2
沃,vok5
沅,ngien2
沆,hong2
沇,yen3
沈,sim3
沈,cim2
沉,cim2
沌,tun3
沍,fu4
沏,ciet5
沐,muk6
沒,mat6
沒,mut6
沒,mi4
沓,tap6
沔,mien3
沕,vut6
沖,cung1
沙,sa1
沚,zi3
沛,pui4
沜,pan4
沫,mat6
沬,moi4
沭,sut6
沮,zu1
沮,zu3
沰,tok5
沱,to2
河,ho2
沴,li3
沶,yi2
沷,fat5
沸,bui4
油,yiu2
治,ci4
沼,zau3
沽,gu1
沾,zam1
沿,yen2
況,kong3
泂,gen3
泃,gi4
泄,yi4
泅,ciu2
泉,can2
泊,pok6
泌,bi4
泐,let6
泓,fen2
泔,gam1
法,fap5
泖,mau3
泗,si4
泙,pin2
泚,cu3
泛,fam4
泛,pang4
泜,di3
泝,sok5
泞,cu1
泡,pau1
泡,pau1
泡,pau4
波,bo1
泣,kip5
泥,lai2
注,zu4
泫,hien3
泬,hiet6
泭,fu1
泮,pan4
泯,min3
泰,tai4
泱,yong1
泲,zi4
泳,yun3
泵,bam1
洄,fui2
洈,ngui2
洊,zien4
洋,yong2
洌,liet6
洎,ki4
洏,yi2
洑,fuk6
洒,sa3
洗,se3
洙,zu1
洚,gong4
洛,lok6
洞,tung4
洟,yi2
洢,yi1
津,zin1
洧,vui3
洩,siet5
洪,fung2
洫,hit5
洬,suk5
洭,kiong1
洮,tau2
洯,giet5
洱,ngi3
洲,ziu1
洳,yi2
洴,pin2
洵,sun2
洶,hiung1
洸,gong1
洹,yen2
洺,miang2
活,fat6
洼,va1
洽,giap5
派,pai4
洿,vu1
流,liu2
浙,ziet5
浚,zun4
浞,zok5
浠,hi1
浡,put6
浦,pu3
浩,hau3
浪,long4
浬,li1
浮,feu2
浯,ng2
浴,yuk5
海,hoi3
浸,zim4
浸,kim4
浹,hiap6
浺,cung1
浼,mien3
浽,sui1
涂,tu2
涅,ngiap5
涇,gin1
消,siau1
涉,siap5
涊,ngiun3
涌,yung3
涎,yen2
涑,suk5
涒,dun1
涓,gien1
涔,cem2
涕,ti4
涘,su4
涪,feu2
涮,sot5
涯,ngai2
液,yit6
涴,von3
涵,ham2
涷,dung1
涸,kok5
涼,liong2
涽,fun1
涿,dok5
涿,duk5
淀,tien4
淂,det5
淄,zu1
淅,sit5
淆,ngau2
淇,ki2
淈,gut5
淋,lim2
淌,cong3
淑,suk6
淒,ci1
淖,lau4
淘,tau2
淙,cung1
淚,lui4
淜,pen2
淜,pin2
淝,pui2
淞,sung2
淟,tien3
淠,pi4
淡,tam4
淡,tam1
淢,vet5
淤,yi1
淥,luk6
淦,gam4
淨,ciang4
淩,lin2
淪,lun2
淫,yim2
淬,cui4
淮,fai2
淯,yuk5
淰,ngiam4
深,cim1
淳,sun2
淵,yen1
淶,loi2
混,fun3
淹,yam1
淺,cien3
添,tiam1
淼,miau3
清,cin1
渙,fon4
渚,zu3
減,gam3
渜,lon1
渝,yi2
渟,tin2
渠,ki2
渡,tu4
渢,fung1
渣,za1
渤,put6
渥,vok5
渦,vo1
渧,di4
渨,voi1
渫,siet5
測,cet5
渭,vui4
渮,ho2
港,gong3
渰,yam1
渲,sien4
渴,hot5
游,yiu2
渹,vang1
渺,miau3
渻,sen3
渾,fun2
渾,vun2
湃,bai4
湄,mi2
湅,lien4
湆,kip5
湊,ceu4
湋,vui2
湍,ton1
湎,mien3
湑,si1
湓,pun2
湔,zien1
湖,fu2
湘,siong1
湛,zam3
湛,dam1
湜,cit6
湝,gai1
湞,zin1
湟,fong2
湢,bit5
湧,yung3
湩,dung3
湫,ziu1
湫,ciu1
湫,ziu3
湮,yin1
湯,tong1
湱,vak6
湲,yen2
湴,pan4
溉,goi4
源,ngien2
溓,liam2
溔,yau3
準,zun3
溘,hap6
溜,liu4
溜,liu1
溝,geu1
溞,sau1
溟,men2
溟,men3
溠,za4
溡,si2
溢,yit5
溥,pu3
溦,mi2
溧,lit6
溪,kai1
溫,vun1
溮,su1
溯,sok5
溰,ki2
溱,zin1
溲,seu3
溳,yun2
溴,ciu4
溶,yung2
溷,fun4
溺,lit6
溼,sip5
溽,yuk6
滀,hiuk5
滁,cu2
滂,pong2
滃,vung3
滄,cong1
滅,miet6
滆,het5
滇,tien2
滈,hau3
滉,fong3
滋,zu1
滌,tit6
滎,yin2
滑,vat6
滓,zi3
滔,tau1
滕,ten2
滫,seu1
滬,fu4
滭,bit5
滮,biau1
滯,ce4
滲,sim4
滴,tit6
滴,tit6
滴,dit6
滷,lu1
滸,fu3
滹,fu1
滻,san3
滾,gun3
滿,man1
滿,mun1
漀,kin4
漁,ng2
漂,piau1
漂,piau4
漅,cau2
漆,cit5
漉,luk6
漊,leu3
漏,leu4
漓,li2
演,yen1
漕,cau2
漘,sun2
漙,ton2
漚,iu4
漠,mok5
漢,hon4
漣,lien2
漥,va1
漦,li2
漩,sien2
漪,yi1
漫,man4
漬,zit5
漬,zi4
漯,tap5
漰,pen1
漱,seu4
漲,zong4
漳,zong1
漵,si4
漷,gok5
漸,ciam4
漻,liau2
漼,cui1
漾,yong4
漿,ziong1
潀,cung2
潁,yin3
潎,pi4
潏,lut6
潑,pat5
潒,tong4
潔,giet5
潕,vu3
潗,sip6
潘,pan1
潚,suk5
潛,ciam2
潝,hip5
潞,lu4
潟,sit5
潠,sun4
潢,vong2
潣,men3
潤,yun4
潦,lau3
潦,liau3
潬,tan1
潭,tam2
潮,cau2
潯,cim2
潰,kui4
潲,sau4
潷,bit5
潸,san3
潺,can2
潼,tung2
潾,lin2
澀,sep5
澀,giap5
澂,cin2
澄,cin2
澆,hiau1
澇,lau4
澈,ciet5
澉,gam3
澌,su1
澍,su4
澎,pang2
澐,yun2
澒,fung3
澗,gan4
澞,ngi2
澠,mien3
澠,sin2
澡,cau4
澤,cak6
澥,hai4
澦,yi4
澧,li4
澨,ci4
澩,hok6
澭,yung1
澮,kai4
澱,tien4
澳,au4
澶,sien2
澹,tam4
澼,pit5
激,git5
濁,cuk6
濁,kuk6
濁,gang3
濂,liam2
濃,ngiung2
濆,fun2
濇,sep5
濈,cip5
濊,ve4
濋,co3
濎,din3
濔,li3
濕,sip5
濘,len2
濛,mung2
濜,cin4
濟,zi4
濠,hau2
濡,yi2
濤,tau2
濩,vok6
濫,lam4
濬,zun4
濮,puk6
濯,cok6
濰,vui2
濱,bin1
濺,zien4
濼,lok6
濾,li4
濿,li4
瀁,yong4
瀆,tuk6
瀉,sia4
瀋,sim3
瀌,biau1
瀍,cien2
瀏,liu2
瀑,puk6
瀕,pin2
瀘,lu2
瀚,hon4
瀛,yin2
瀜,yung2
瀝,lak5
瀝,lit6
瀟,siau1
瀣,hai4
瀧,lung2
瀨,lai4
瀯,yin2
瀰,li2
瀲,liam4
瀵,bun4
瀷,yit6
瀸,ziam1
瀹,yok5
瀼,siong1
瀾,lan2
瀿,fan2
灂,ziok5
灃,fung1
灄,ngiap5
灉,yung1
灊,siam2
灌,gon4
灑,sa3
灒,zan4
灘,tan1
灝,hau3
灞,ba4
灢,long4
灣,van1
灤,lan2
灨,gam4
灩,yam3
火,fo3
灰,foi1
灴,fung2
灶,zau4
灸,giu4
灺,sia3
灼,zok5
災,zai1
炆,mun1
炊,cui1
炎,yam2
炒,cau3
炔,gui4
炕,kong4
炘,hiun1
炙,zak5
炫,hien4
炬,gi3
炭,tan4
炮,pau4
炯,gen3
炰,pau2
炱,toi2
炳,biang3
炵,tung1
炷,zu4
炸,za4
為,vui2
為,vui4
烈,liet6
烊,yong2
烋,hau1
烏,vu1
烏,vu2
烔,dung4
烘,fung2
烙,lok6
烚,hap6
烚,sap6
烜,sien1
烝,zin1
烤,kau3
烰,feu2
烳,pu3
烹,pen1
烺,long4
烽,fung1
焀,fuk6
焄,hiun1
焉,yen1
焊,hon4
焌,zun4
焓,hem2
焗,kiuk6
焗,guk6
焙,poi4
焚,fun2
焜,fun3
焞,sun2
焠,cui4
無,vu2
焦,ziau1
焯,zok5
焰,yam4
焱,yam4
焲,yit6
然,yen2
煁,sim2
煄,zung3
煇,fui1
煉,lien4
煋,sen1
煌,fong2
煍,ziau3
煎,zien1
煒,vui3
煓,ton2
煖,lon1
煙,yen1
煜,yuk5
煞,sat5
煠,sap6
煠,za4
煢,kiun2
煣,yiu2
煤,moi2
煥,fon4
煦,hi1
照,zau4
煨,voi1
煩,fan2
煪,ciu2
煬,yong2
煮,zu3
煲,bau1
煻,tong2
煽,sien4
熀,ngiap5
熄,sit5
熅,vut5
熇,kok5
熊,yung2
熏,hiun1
熒,yin2
熔,yung2
熙,hi1
熚,bit5
熟,suk6
熠,yip6
熨,yun4
熬,ngau2
熯,hon4
熰,iu1
熱,ngiet6
熲,gen3
熹,hi1
熻,hip5
熾,ci4
燀,sien4
燂,tam2
燃,yen2
燄,yam4
燈,den1
燉,dun1
燋,ziau4
燎,liau4
燐,lin2
燒,sau1
燔,fan1
燕,yen4
燕,yen1
燖,cim2
燙,tong4
燜,mun4
營,yang2
營,yin2
燠,yuk5
燥,cau4
燥,zau1
燦,can3
燧,sui4
燬,fui3
燭,zuk5
燮,siet5
燴,fui4
燶,lung1
燹,sien3
燻,hiun1
燼,zin4
燾,tau2
燿,yau4
爁,lam3
爆,bau4
爇,ngiet6
爍,sok5
爐,lu2
爓,yam4
爚,yok5
爛,lan4
爝,ziok5
爟,gon4
爨,cun4
爪,zau3
爬,pa2
爭,zang1
爭,zang1
爰,yen1
爵,ziok5
父,fu4
爸,ba1
爹,dia1
爺,ya2
爻,ngau2
爽,song3
爾,li3
爿,ciong2
牀,cong2
牂,zong1
牄,ciong1
牆,siong2
片,pien3
片,pien4
片,pien3
片,pien4
版,ban3
牉,pan4
牋,zien1
牌,pai2
牒,tiap6
牓,bong3
牖,yiu3
牘,tuk6
牙,nga2
牚,cang1
牛,ngiu2
牝,pi3
牟,meu2
牠,ta1
牡,meu3
牢,lau2
牣,ngiun4
牧,muk6
物,vut6
牮,zien4
牯,gu3
牲,sang1
牴,di3
牶,kien4
牷,cien2
牸,ci4
特,tet6
特,tit6
牻,mang2
牼,gin1
牽,kien1
牾,ngu4
牿,guk5
犀,si1
犁,lai2
犄,yi1
犅,gong1
犆,tit6
犉,sun2
犍,gien1
犍,kien2
犎,fung1
犒,gau3
犖,lok5
犗,gai4
犘,ma2
犛,li2
犝,tung2
犢,tuk6
犧,hi1
犨,ciu2
犬,kien3
犮,pat6
犯,fam1
犯,fam4
犴,hon4
犴,ngan4
犵,get5
犺,kong3
狀,cong4
狁,yun3
狂,kong2
狃,ngiu3
狄,tit6
狉,pi1
狌,sang1
狎,ap5
狐,fu2
狒,fui4
狖,yiu4
狗,geu3
狘,yet6
狙,zu1
狠,hen3
狡,gau3
狤,git5
狨,yung2
狩,siu3
狴,pi4
狶,hi1
狷,gien4
狸,li2
狹,kiap6
狺,ngiun2
狻,son1
狼,long2
狽,bui4
猇,hau1
猊,ngi2
猋,biau1
猓,go3
猖,cong1
猗,yi1
猙,zen1
猛,mang1
猜,cai1
猝,cut5
猢,fu2
猥,voi1
猧,vo1
猩,sin1
猭,con2
猰,at5
猱,yiu2
猲,hiet5
猴,heu2
猶,yiu2
猷,yiu2
猺,yau2
猻,sun1
猾,vat6
猿,yen2
獃,ngoi2
獄,ngiuk6
獅,su1
獍,gin4
獎,ziong3
獐,ziong1
獒,ngau2
獗,kiet5
獘,bi4
獝,git5
獞,tung2
獠,liau2
獧,gien4
獨,tuk6
獪,kai4
獫,hiam3
獬,hai4
獮,sien3
獯,hiun1
獰,len2
獲,vet6
獳,leu3
獵,liap6
獷,kang3
獸,ciu4
獺,cat5
獻,hien4
玀,lo2
玁,hiam3
玃,kiok5
玄,hien2
玅,miau3
率,sut5
玈,lu2
玉,ngiuk6
王,vong2
玎,den1
玓,dit5
玔,con4
玕,gon1
玖,giu3
玟,min2
玠,gai4
玦,giet5
玩,van4
玩,van2
玫,moi2
玲,lin2
玳,toi4
玷,diam4
玻,bo1
玼,cu3
珀,pak5
珂,ko1
珈,ga1
珊,san1
珌,bit5
珍,zin1
珓,gau4
珙,giung3
珞,lok6
珠,zu1
珣,sun2
珥,ngi3
珧,yau2
珩,hang2
珪,gui1
班,ban1
珮,pui4
珵,cin2
珶,ti4
珼,bui4
珽,tin3
現,hien4
琀,ham2
球,kiu2
琅,long2
理,li1
琇,siu4
琉,liu2
琊,ya2
琖,zan3
琚,gi1
琛,cim1
琠,tien4
琢,dok5
琥,fu3
琦,ki2
琨,kun1
琪,ki2
琫,bung3
琬,van3
琮,cung1
琯,gon3
琰,yam3
琱,diau1
琲,pui4
琳,lim2
琴,kim2
琵,pi2
琶,pa2
琺,fap5
琿,fun2
瑀,yi3
瑁,mau4
瑄,sien1
瑑,con4
瑕,ha2
瑗,yen4
瑙,lau3
瑚,fu2
瑛,yin1
瑜,yi2
瑞,sui4
瑟,set5
瑢,yung2
瑣,so3
瑤,yau2
瑩,yin2
瑪,ma1
瑯,long2
瑰,gui4
瑰,gui1
瑱,tien4
瑲,cong1
瑳,co2
瑹,su1
瑽,cung2
瑾,giun3
瑿,yi1
璀,cui3
璁,cung1
璃,li2
璅,zau3
璆,kiu2
璇,sien2
璈,ngau2
璉,lien3
璊,mun2
璋,zong1
璐,lu4
璗,tong4
璘,lin2
璜,vong2
璞,pok5
璟,gin3
璠,fan1
璡,zin4
璣,gi1
璥,gin3
璦,oi4
璧,bit5
璨,can4
璩,ki2
璪,cau4
璫,dong1
環,van2
璱,sit5
璲,sui4
璵,yi2
璺,mun4
璽,sai3
璿,sien2
瓀,ngion3
瓅,lit6
瓊,kiun2
瓏,lung2
瓔,yin1
瓖,siong1
瓘,gon4
瓚,zan4
瓛,fon2
瓜,ga1
瓞,diet5
瓟,pau2
瓠,pu2
瓠,pu2
瓢,piau4
瓣,pan4
瓤,long2
瓤,lang2
瓦,nga3
瓦,nga1
瓮,vung4
瓴,lin2
瓶,pin2
瓷,cu2
瓻,hi1
瓽,dong4
瓿,peu3
甃,ziu4
甄,zin1
甈,hi4
甋,dit5
甌,iu1
甍,men2
甏,pang4
甑,zen4
甒,vu3
甓,pit5
甔,dam1
甕,vung4
甗,hien4
甘,gam1
甚,sim4
甜,tiam2
生,sang1
生,sang1
甡,sin1
產,san3
甥,sang1
甦,su1
用,yung4
甩,lot5
甫,pu3
甫,pu3
甬,yung3
甭,bung3
甯,len2
田,tien2
由,yiu2
甲,gap5
申,sin1
甴,cat6
男,lam2
甸,tien4
町,tin3
甾,zu1
甾,zu1
甿,men2
畀,bin1
畇,yun2
畈,fan4
畋,tien2
界,gai4
畎,kien3
畏,vui4
畔,ban3
留,liu2
畚,bun4
畜,hiuk5
畜,kiuk5
畝,meu1
畟,zit5
畢,bit5
畤,su4
略,liok6
畦,gui1
番,fan1
番,pan1
番,fon1
畫,fa4
畫,vak6
畫,fa4
畬,cia2
畯,zun4
異,yi4
當,dong1
當,dong4
畷,dot5
畸,ki1
畹,van3
畽,ton3
畾,lui2
畿,gi1
疄,lin2
疆,giong1
疇,ciu2
疊,tiap6
疋,pit5
疏,so1
疏,so4
疐,zi4
疑,ngi2
疔,dang1
疘,gung1
疙,ngiet5
疚,giu4
疝,san4
疢,zin3
疣,yiu2
疤,ba1
疥,gai4
疫,yit6
疲,pi2
疳,gam1
疵,cu1
疶,siet5
疹,zin3
疺,fat6
疻,zi3
疼,ten2
疽,zu1
疾,cit6
疿,fui4
痀,gi1
痂,ga1
痄,za4
病,piang4
症,zin4
痊,cien2
痌,tung2
痍,yi2
痎,hoi2
痏,vui3
痐,fui2
痑,tan3
痒,yong2
痒,yong1
痔,ci4
痕,hen2
痗,mui3
痘,teu4
痙,gin4
痚,hiau1
痛,tung4
痞,pi3
痟,siau1
痠,son1
痡,pu2
痢,li4
痣,zi4
痤,coi2
痧,sa1
痯,gon3
痰,tam2
痱,fui1
痲,ma2
痳,lim2
痴,ci1
痵,gui4
痹,bi4
痺,bi1
痼,gu4
痾,o1
痿,vui3
瘀,yi3
瘁,cui4
瘈,ke4
瘈,ze4
瘉,yi4
瘊,heu2
瘋,fung1
瘌,lat6
瘍,yong2
瘏,tu2
瘓,fon4
瘕,ha2
瘖,yim1
瘙,sau4
瘚,ket5
瘜,sit5
瘝,gan1
瘞,yi4
瘟,vun1
瘠,zit5
瘡,cong1
瘢,ban1
瘣,fui4
瘤,liu2
瘥,cai4
瘥,co2
瘦,seu4
瘧,ngiok5
瘨,dien1
瘩,dap5
瘰,lo3
瘲,zung3
瘳,ciu1
瘴,zong4
瘵,zai4
瘸,kio2
瘺,leu4
瘼,mok6
療,liau2
癃,lung2
癆,lau2
癈,fui4
癉,tan3
癌,ngam2
癐,kioi4
癖,pit5
癗,lui3
癘,li4
癙,cu3
癟,piet6
癠,zi4
癡,ci1
癢,yong1
癤,ziet5
癥,zin1
癩,lai4
癩,lat5
癬,sien3
癭,yin1
癮,yin3
癰,yung1
癱,tan1
癲,dien1
癵,lan2
癸,gui4
登,den1
發,fat5
發,bot5
白,pak6
百,bak5
癿,ga1
皁,cau4
皂,cau4
的,dit5
的,dit6
皆,gai1
皇,fong2
皈,gui1
皋,gau1
皎,gau3
皓,hau3
皖,van3
皚,ngoi2
皛,kiau1
皜,hau4
皞,hau4
皤,po2
皦,giau3
皪,lit6
皫,piau3
皭,ziok5
皮,pi2
皰,piau4
皴,zun1
皵,siak5
皸,giun1
皺,zeu4
皺,ziu4
皻,za1
皽,zien3
皿,men3
盂,yi2
盃,bui1
盅,zung1
盆,pun2
盈,yin2
盈,yin4
盉,fo2
益,yit5
盍,hap6
盎,ong4
盒,hap6
盔,kui1
盛,sang4
盛,sin4
盛,sin2
盜,tau4
盝,luk5
盞,zan3
盟,men2
盡,cin4
監,gam1
監,gam4
盤,pan2
盥,gon4
盦,am1
盧,lu2
盪,tong4
盬,gu3
盭,lui4
目,muk6
目,muk5
盯,dang1
盰,gon3
盱,hi1
盲,mang2
直,cit6
相,siong1
相,siong4
盹,zun1
盺,hiun1
盻,hi4
盼,pan4
盾,tun3
省,sen3
省,sin3
眅,ban1
眇,miau3
眈,dam1
眉,mi2
眊,mau4
看,kon4
看,kon4
眑,miau3
眕,zin3
眚,sen3
眛,mui4
眝,du3
真,zin1
眠,min2
眠,mien2
眢,van1
眣,diet5
眥,zu1
眥,zu1
眨,ngiap5
眩,hien4
眯,mi1
眯,mi4
眴,sun4
眵,ci1
眶,kiong1
眷,gien4
眸,meu2
眹,cin4
眺,tiau4
眼,ngan3
眽,mak5
眾,zung4
着,cok6
着,zok5
着,cok6
睅,hon3
睆,gon3
睇,ti4
睊,gien1
睍,hien3
睎,hi1
睏,kun4
睒,sam3
睖,lin2
睚,ngai2
睛,zin1
睜,zang1
睞,loi3
睟,cui4
睠,gien3
睡,soi4
睢,cui1
督,duk5
睥,pi3
睦,muk5
睧,fun1
睨,ngi4
睪,yit6
睫,ciap6
睬,cai3
睯,men3
睹,du3
睼,ti4
睽,kui2
睾,yit6
睿,yui4
瞀,meu4
瞄,miau2
瞇,mi1
瞋,zin1
瞌,kap5
瞍,seu3
瞎,hat5
瞑,men2
瞕,zong4
瞙,mok5
瞚,sun4
瞞,man2
瞟,piau3
瞠,tong2
瞢,mung2
瞥,pet5
瞧,ziau2
瞨,puk6
瞪,cin2
瞫,sim3
瞬,sun4
瞭,liau2
瞭,liau3
瞰,kam4
瞳,tung2
瞶,gui4
瞷,gan4
瞻,zam1
瞽,gu3
瞿,ki3
矂,sau1
矇,mung2
矍,kiok5
矓,lung2
矗,cuk5
矙,kam4
矚,zuk5
矛,mau2
矜,gim1
矞,yut6
矢,ci3
矣,yi3
知,di1
知,zi1
知,zi4
矧,yin3
矩,gi3
矬,co2
短,don3
矮,ai3
矯,giau3
矰,zen1
矱,vok5
石,sak6
矸,gon4
矹,ngut5
矻,kut5
矼,gong1
矽,cit6
砂,sa1
砅,li4
砆,fu1
砉,vak6
砌,ci4
砍,kam3
砍,kam4
砎,gai4
砑,nga4
砒,pi1
砒,pai1
研,ngan3
研,ngan2
砝,fap5
砠,zu1
砢,lo3
砣,to2
砥,di3
砦,cai4
砧,zem1
砫,zu3
砬,lip6
砭,bien1
砮,lu4
砯,pin1
砰,pin2
砲,pau4
破,po4
砸,zap5
硃,zu1
硈,kat5
硉,lut6
硌,lok6
硍,han4
硎,hin2
硐,tung2
硜,gin1
硝,siau1
硞,kok6
硠,long2
硤,kiap6
硨,ca1
硩,ciet5
硪,ngo2
硫,liu2
硬,ngang4
硭,mong2
硯,yen4
硼,pen2
硾,cui2
硿,kung1
碆,po2
碇,dang4
碉,diau1
碌,luk5
碎,sui4
碏,sit5
碑,bi1
碓,doi4
碔,vu3
碕,ki2
碖,lun2
碗,von3
碘,dien3
碞,ngam2
碟,tiap6
碡,tuk6
碣,giet5
碥,bien3
碧,bit5
碨,voi1
碩,sak6
碪,zem1
碫,ton4
碭,tong4
碰,pung4
碳,tan4
確,kok5
碼,ma1
碾,ngien3
磁,cu2
磄,tong2
磅,pong4
磈,vui3
磉,song3
磊,lui3
磋,co1
磌,tien2
磏,liam2
磐,pan2
磑,koi3
磕,kap6
磚,zon1
磛,cam2
磝,ngau2
磟,luk6
磡,ham4
磢,song3
磣,cam3
磧,zak5
磧,zit5
磨,mo2
磨,mo4
磪,cui1
磬,kin4
磯,gi1
磲,ki2
磳,zen1
磴,den4
磷,lin2
磺,vong2
磻,pan2
磼,cap6
磽,kau1
磾,dai1
礁,ziau1
礎,co3
礐,kok5
礓,giong1
礙,ngoi4
礜,yi4
礞,mung2
礣,met6
礤,cat5
礥,hien2
礦,kang3
礧,lui4
礪,li4
礫,lit6
礬,fan2
礱,lung2
礵,song1
示,si4
礽,yin2
社,sa1
礿,yok5
祀,su4
祁,ki2
祅,yau1
祆,hien1
祇,ki2
祇,zit5
祈,ki2
祉,zi3
祋,dai4
祏,sak6
祐,yiu4
祓,fut5
祔,fu4
祕,bi4
祖,zu3
祗,di3
祚,cu4
祛,ki1
祜,fu3
祝,zuk5
神,sin2
祟,sui4
祠,cu2
祡,cai2
祣,li3
祥,siong2
祧,tiau1
票,piau4
祩,zu1
祫,hap6
祭,zi4
祲,cim1
祳,sin4
祴,goi1
祹,tau2
祺,ki2
祼,gon4
祿,luk5
禁,gim4
禁,gim1
禂,dau3
禋,yen1
禍,fo4
禎,zin1
福,fuk5
禓,yong2
禔,ti2
禕,yi1
禖,moi2
禚,zok5
禛,zin1
禜,yin4
禡,ma4
禡,nga2
禦,ngi4
禧,hi1
禨,gi1
禪,sam2
禪,sien4
禫,tam2
禫,tam3
禬,kai4
禮,li1
禰,li3
禱,dau3
禳,yong2
禴,yok5
禶,zan4
禸,ngeu3
禹,yi3
禺,ngi2
离,li2
禽,kim2
禾,vo2
禿,tuk5
秀,siu4
私,su1
秅,ca2
秈,sien1
秉,bin3
秋,ciu1
种,cung1
秏,hau4
科,ko1
秒,miau3
秘,bi4
秜,li2
秝,lit6
租,zu1
秠,pi1
秣,mat5
秤,cin4
秦,cin2
秧,yong1
秩,zit5
秪,zi1
秫,sut6
秬,ki3
秭,zi3
秷,cit6
移,yi2
稀,hi1
稂,long2
稃,fu1
稅,soi4
稈,gon3
稊,ti2
程,cang2
程,cin2
稌,tu2
稍,sau1
稐,lun3
稑,luk6
稓,cok6
稔,lem3
稔,lim3
稕,zun4
稗,pai4
稘,ki2
稙,cit6
稚,ci4
稜,lin2
稞,ko1
稟,bin3
稠,ciu2
稠,leu2
稨,bien1
種,zung3
種,zung4
稯,zung1
稱,cin1
稷,zit5
稻,tau1
稼,ga4
稽,ki1
稽,ki3
稿,gau3
穀,guk5
穄,zi4
穆,muk6
穇,cam1
穈,mun2
穊,gi4
穌,su1
積,zit5
穎,yin3
穗,sui4
穜,tung2
穟,sui4
穠,ngiung2
穡,sit5
穢,ve4
穧,zi4
穩,vun3
穫,vok6
穬,kang3
穮,biau1
穰,yong2
穱,ziok5
穴,hiet6
穵,vat5
究,giu4
穸,sip6
穹,giung1
空,fung1
空,kung1
穿,con1
窀,tun2
突,tut6
窄,zak5
窅,yau3
窆,bien3
窈,miau3
窊,va1
窋,zot5
窒,cit6
窕,tiau4
窖,gau4
窗,cung1
窘,kiun3
窞,tam3
窟,fut5
窠,ko1
窣,cut5
窨,yim4
窩,vo1
窪,va1
窬,yi2
窮,kiung2
窯,yau2
窱,tiau3
窳,yi3
窴,tien2
窵,diau4
窶,ki3
窶,leu2
窺,gui1
窿,lung1
竀,cang1
竁,cui4
竄,con4
竅,kiau4
竇,deu4
竊,ciap5
立,lip6
竑,fen2
站,zam4
竟,gin3
章,zong1
竣,zun4
童,tung2
竦,sung3
竫,cin4
竭,kiet5
端,don1
競,gin4
竹,zuk5
竺,zuk5
竻,let5
竽,yi1
竿,gon1
笄,gi1
笆,ba1
笈,kip5
笊,gu1
笏,fut5
笐,hong2
笑,siau4
笙,sang1
笛,tak6
笝,lap6
笞,ci1
笠,lip5
笢,min2
笤,tiau2
笥,su4
符,fu2
符,pu2
笨,bun4
笨,pun1
笪,dat5
笫,zi3
第,ti4
笭,lin2
笮,zak5
笮,cok6
笰,fut5
笱,geu3
笲,fan2
笳,ga1
笴,ko3
笸,po3
筀,gui4
筄,yau4
筅,sien3
筆,bit5
筇,kiung2
筈,gat5
等,den3
筊,gau3
筋,gin1
筌,cien2
筍,sun3
筎,yi2
筏,fat6
筐,kiong1
筑,zuk5
筒,tung2
答,dap5
策,cak5
筠,yun2
筤,long2
筥,gi3
筦,gon3
筧,gan3
筩,tung2
筭,son4
筮,ci3
筲,sau1
筴,giap5
筵,yen2
筶,gau3
筷,kai4
箂,loi2
箄,bi1
箅,bi4
箇,go4
箋,zien1
箌,zau4
箍,ku1
箏,zen1
箐,zin1
箑,ciap6
箔,pok6
箕,gi1
箖,lim2
算,son4
箘,kiun3
箙,fuk6
箜,kung1
箝,kiam2
箠,cui2
箠,sui2
管,gon3
箬,ngiok5
箭,zien4
箯,bien1
箱,siong1
箴,zim1
箵,sen3
箷,si1
箸,cu4
箾,siau1
節,ziet5
篁,fong2
範,fam4
篆,con4
篇,pien1
築,zuk5
篋,giap5
篌,heu2
篔,yun2
篘,ciu1
篙,gau1
篚,fui3
篝,geu1
篡,con4
篤,duk5
篥,lit6
篦,bi4
篧,zok5
篨,cu2
篩,si1
篪,ci2
篱,li2
篲,sui4
篳,bit5
篷,pung2
篸,sem1
篾,met6
簀,zit5
簁,si1
簆,keu4
簇,cuk6
簉,cau4
簋,gui3
簌,suk5
簍,leu3
簎,cok5
簏,luk6
簙,bok5
簜,tong3
簝,liau2
簞,dan1
簟,tiam3
簠,pu3
簡,gan3
簣,kui4
簦,den1
簧,vong2
簨,sun3
簪,zam1
簫,siau1
簰,pai2
簳,gon4
簷,yam2
簸,bo4
簹,dong1
簽,ciam1
簾,liam2
簿,pu1
簿,pu4
籀,ciu4
籃,lam2
籊,tit5
籌,ciu2
籍,cit6
籐,ten2
籓,fan1
籙,luk6
籚,lu2
籛,cien2
籜,tok6
籟,lai4
籠,lung1
籣,lan2
籤,ciam1
籧,ki2
籩,bien1
籪,ton4
籬,li2
籮,lo2
籯,yin3
籲,yi4
米,mi3
籸,sin1
籹,li3
籽,zu3
粄,ban3
粉,fun3
粑,ba1
粒,lip5
粔,ki3
粕,pok5
粗,cu1
粘,zam1
粘,ngiam2
粞,si1
粟,suk5
粢,zu1
粥,zuk5
粱,liong2
粲,can3
粳,gang1
粵,yet6
粹,cui4
粺,pai4
粻,zong1
粼,lin2
粽,zung4
精,zin1
精,ziang1
粿,go3
糅,yiu3
糈,si1
糊,fu2
糒,pi4
糕,gau1
糖,tong2
糗,ciu4
糙,cau4
糜,mi2
糝,sam3
糞,bun4
糟,zau1
糠,hong1
糢,mu2
糧,liong2
糯,lo4
糰,ton2
糲,li4
糴,tak6
糶,tiau4
糸,met5
系,hi4
糾,giu3
紀,gi3
紂,ciu4
紃,sun2
約,yok5
紅,fung2
紆,vu1
紇,ngiet5
紈,fon2
紉,ngiun4
紊,fun3
紋,vun2
納,lap6
紏,deu3
紐,liu3
紑,feu2
紓,su1
純,sun2
紕,pi3
紖,yin3
紗,sa1
紘,fen2
紙,zi3
級,kip5
紛,fun1
紜,yun2
紞,dam3
紟,kim1
素,su4
紡,fong3
紡,piong3
索,sok5
紩,zit5
紫,zu3
紬,ciu2
紮,zat5
累,lui4
細,se4
細,si4
紱,fut5
紲,siet5
紳,sin1
紹,sau2
紺,gam4
紼,fut5
紽,to2
紾,zin3
紿,toi4
絀,zot5
絁,si1
終,zung1
絃,hien2
組,zu3
絆,pan4
絇,ki1
絏,siet5
結,giet5
結,git5
絓,ga4
絕,ciet6
絛,tau1
絜,giet5
絞,gau3
絡,lok6
絢,hien4
給,gip5
絧,tung2
絨,yung2
絪,yin1
絫,li3
絮,si4
絰,diet5
統,tung3
絲,su1
絳,gong4
絹,gien4
絺,hi1
絻,mun4
絿,kiu2
綀,su1
綁,bong3
綃,siau1
綄,fan2
綅,cim1
綆,gen3
綈,ti2
綌,hit5
綍,fut5
綎,yen2
綏,sui1
綑,kun3
經,gin1
經,gang1
綜,zung4
綝,cim1
綞,do3
綟,lui4
綠,luk6
綡,liong2
綢,ciu2
綣,gien3
綦,ki2
綪,cien4
綪,zen1
綬,siu4
維,vui2
綮,ki3
綯,tau2
綰,gon3
綱,gong1
網,miong3
綴,dot5
綵,cai3
綸,lun2
綹,liu3
綺,yi3
綻,can4
綽,sok5
綾,lin2
綿,mien2
緀,ci1
緄,gun3
緅,zeu1
緆,siak5
緇,zu1
緉,liong3
緊,gin3
緋,fui1
緌,sui1
緎,vet5
緒,si4
緗,siong1
緘,kiam2
緙,gak5
線,sien4
緝,cip5
緞,ton4
締,ti4
緣,yen2
緦,su1
緧,ciu2
編,bien1
緩,fon4
緬,mien3
緯,vui3
緲,miau3
練,lien4
緶,bien1
緻,zi4
縈,yin2
縈,yang1
縉,zin4
縊,yi4
縋,cui2
縍,bong3
縎,gut5
縐,ziu4
縑,giam1
縓,ngien2
縗,cui1
縚,tau1
縛,piok6
縝,zin3
縞,gau3
縟,yuk6
縠,guk5
縡,zai3
縢,ten2
縣,yen4
縩,cai4
縪,bit5
縫,fung2
縫,pung4
縭,li2
縮,suk5
縯,yen4
縰,sai3
縱,zung3
縱,zung4
縱,zung1
縲,lui2
縳,con4
縵,man4
縶,zip5
縷,leu3
縹,piau4
縻,mi2
縼,sien4
總,zung3
績,zit5
繀,sui4
繁,fan2
繂,lut6
繃,ben1
繄,yi1
繅,sau1
繆,miu2
繆,miu4
繆,miu4
繇,yiu2
繈,giong3
繐,sui4
繒,zen1
繓,cot5
織,zit5
繕,sien3
繖,san3
繘,yut6
繙,fan1
繚,liau2
繜,zun1
繞,ngiau3
繞,van1
繡,siu4
繢,kui3
繣,vak6
繨,dat5
繩,sin2
繪,kui4
繫,hi4
繫,gai1
繭,gan3
繯,van2
繰,zau3
繲,gai4
繳,giau3
繴,pit5
繵,dan4
繶,yit5
繸,sui4
繹,yit6
繻,si1
繼,gi4
繽,bin1
繾,kien3
纁,hiun1
纂,zon3
纆,met6
纇,lui4
纈,giet5
纊,kong4
續,suk6
纍,lui2
纏,cien2
纑,lu2
纓,yin1
纔,cai2
纕,siong1
纖,siam1
纘,zan4
纚,li2
纛,tau4
纜,lam4
缶,feu3
缸,gong1
缺,kiet5
缽,bat5
缾,piang2
罃,ang1
罄,kin1
罅,la4
罈,tam2
罊,ke4
罋,vung4
罌,ang1
罍,lui2
罏,lu2
罐,gon4
网,miong3
罔,mong3
罕,hon3
罛,gu1
罝,zia1
罞,mung2
罟,ku1
罠,min2
罡,gong1
罣,ga4
罥,gien1
罦,fu1
罧,sem1
罩,zau4
罪,cui4
罭,vet5
置,zi4
罯,ep5
罰,fat6
署,su4
罳,su1
罵,ma4
罶,liu3
罷,pa4
罹,li2
罻,vui4
罽,gi4
罾,zen1
罿,cung1
羅,lo2
羆,bi1
羇,gi1
羈,gi1
羉,lan2
羊,yong2
羌,giong1
羍,dat5
美,mui1
羑,yiu3
羒,fun2
羔,gau1
羖,gu3
羚,lin2
羜,du3
羝,dai1
羞,siu1
羣,kiun2
群,kiun2
羨,sien4
義,ngi4
羬,ham2
羭,yi2
羯,giet5
羱,ngien2
羲,hi1
羳,fan2
羵,fun2
羶,zien1
羷,giam3
羸,lui2
羹,gang1
羼,can4
羽,yi3
羾,fung2
羿,ngi4
翀,cung1
翁,vung1
翃,fen2
翅,ci4
翊,yit6
翌,yit6
翍,pi1
翎,lin2
翏,liu4
翑,ki2
習,sip6
翔,siong2
翕,hip5
翛,siau1
翜,sep5
翟,tit6
翟,cak6
翠,cui4
翡,fui3
翣,ciap5
翥,zu4
翦,zien3
翨,ci3
翩,pien1
翪,zung1
翫,ngan4
翬,fui1
翮,gak5
翯,hok6
翰,hon4
翱,gau1
翳,ngi4
翹,kiau2
翹,hiau4
翻,fan1
翼,yit6
翽,fui4
翾,van2
翿,tau2
耀,yau4
老,lau3
老,lau4
考,kau3
耄,mau4
者,za3
耆,ki2
耇,geu3
耋,diet5
而,yi2
耍,sa3
耎,ngion3
耏,yi2
耏,lai4
耐,lai4
耑,don1
耑,zon1
耒,loi3
耔,zu3
耕,gang1
耕,gang1
耖,cau1
耗,hau4
耘,yun2
耘,vun2
耙,pa2
耜,su4
耞,ga1
耡,co2
耤,cit6
耦,ngeu3
耨,ngeu4
耩,gong3
耬,leu2
耰,yiu2
耳,ngi3
耴,zap5
耵,din3
耶,ya2
耷,dap5
耷,dep6
耽,dam1
耿,gen3
聆,lin2
聊,liau2
聊,liau4
聒,gat5
聖,sin4
聘,pin4
聚,ci4
聞,vun2
聤,tin2
聧,kui2
聯,lien2
聰,cung1
聱,ngau2
聲,sang1
聲,sang1
聳,sung3
聵,kui4
聶,ngiap5
職,zit5
聻,zit5
聽,tang4
聽,tin4
聾,lung1
聿,lut6
肂,si4
肄,yi4
肅,suk5
肆,si4
肇,sau4
肉,ngiuk5
肋,lak6
肌,gi1
肐,yit5
肓,fong1
肕,ngiun4
肖,siau4
肘,ziu3
肙,yen1
肚,du3
肛,gong1
肜,yung2
肝,gon1
股,gu3
肢,zi1
肥,pui2
肥,fui2
肩,gien1
肪,fong1
肫,zun1
肭,lep5
肯,ken3
肯,hen3
肱,gen1
育,yuk5
肴,ngau2
肵,ki2
肸,hit5
肺,pui4
胃,vui3
胄,ciu4
胈,pat6
胊,ki2
背,boi4
背,poi4
胍,ga1
胍,gu1
胎,toi1
胏,zi3
胐,kut5
胔,zu1
胖,pan4
胖,pan2
胗,kin1
胙,cu4
胚,poi1
胛,gap5
胞,bau1
胠,ki1
胡,fu2
胤,yin3
胥,si1
胦,yong1
胭,yen1
胯,ka1
胰,yi2
胱,gong1
胲,goi1
胳,gak5
胴,tung4
胵,ci1
胸,hiung1
胺,on1
胺,at5
胼,pin2
能,len2
胾,zu4
脀,zin1
脁,tiau1
脂,zi1
脅,hiap5
脆,cioi4
脈,mak5
脊,zit5
脖,put6
脘,gon3
脛,gin4
脝,hen1
脞,co4
脡,tin3
脢,moi2
脣,sun2
脤,sin4
脧,zoi1
脧,zun4
脩,siu1
脫,tot5
脬,pau1
脯,pu3
脯,pu3
脰,teu4
脷,li4
脹,zong4
脽,sui2
脾,pi2
腆,dien3
腊,lap6
腊,sit5
腋,yit6
腌,yap5
腍,lem2
腎,sin4
腎,kin1
腐,fu4
腑,fu3
腒,gi1
腓,fui2
腔,kiong1
腕,von3
腜,moi2
腠,ceu4
腡,lo2
腢,ngi2
腤,am1
腥,siang1
腥,sen1
腦,lau3
腩,lam4
腫,zung3
腮,soi1
腯,dut5
腯,tun3
腰,yau1
腱,kien4
腳,giok5
腴,yi2
腶,ton4
腸,cong2
腹,fuk5
腺,sien4
腿,tui3
膀,pong2
膂,li3
膃,vut5
膇,zui4
膈,gak5
膊,bok5
膋,liau2
膍,pi2
膏,gau1
膕,get5
膘,biau1
膚,fu1
膛,tong2
膜,mok6
膝,cit5
膞,bok5
膟,lut6
膠,gau1
膣,cit6
膨,pang2
膩,li4
膫,liau2
膬,cui4
膮,hiau1
膰,fan2
膱,zit5
膲,ziau1
膳,sien4
膴,fu1
膴,vu3
膷,hiong1
膺,yin1
膻,tan4
膻,sien1
膼,ko1
膽,dam3
膾,kai4
膿,lung2
臀,tun2
臂,bi4
臃,yung3
臄,kiok5
臆,yi4
臇,zun4
臉,liam3
臉,ngiam4
臊,sau1
臌,gu3
臍,ci2
臏,bin4
臑,yi2
臕,biau1
臘,lap6
臚,lu2
臛,kok5
臝,lo3
臞,ki1
臟,cong4
臠,lan2
臡,li2
臢,zam1
臣,sin2
臥,ngo4
臧,zong1
臨,lim2
自,cu4
臬,ngiet5
臭,ciu4
臲,ngiet5
至,zi4
致,zi4
臺,toi2
臻,zin1
臼,kiu1
臾,yi2
臿,cap5
舀,yau3
舁,yi2
舂,zung1
舄,sit5
舅,kiu1
與,yi1
興,hin1
興,hin4
興,hin3
舉,gi3
舊,kiu4
舌,siet6
舍,sa4
舐,se1
舒,su1
舔,tiam3
舖,pu4
舖,pu1
舛,con3
舜,sun4
舞,mu3
舟,ziu1
舠,dau1
舡,gong1
舢,san1
舥,ba1
舨,ban3
航,hong2
舫,fong3
般,ban1
舲,lin2
舳,cuk6
舴,zak5
舵,to4
舶,pok6
舷,hien2
舸,ko3
船,son2
舽,pong2
艄,sau1
艇,tiang3
艋,mang3
艎,fong2
艏,siu3
艐,zung1
艑,bien1
艓,tiap6
艕,bong4
艖,ca1
艗,yit6
艘,seu3
艙,cong1
艚,cau2
艛,leu2
艜,dai4
艞,yau4
艟,tung2
艤,ngi4
艦,lam4
艨,mung2
艩,ci2
艫,lu2
艭,sung1
艮,gen4
良,liong2
艱,gan1
色,set5
艴,fut5
艷,yam4
艸,cau3
艽,giu1
艾,ngioi4
艿,yin2
芃,pung2
芄,yen2
芊,cien1
芋,vu3
芍,sok5
芎,giung1
芏,tu3
芐,fu4
芑,hi3
芒,mong2
芘,pi2
芙,fu2
芝,zi1
芞,ket5
芟,sam1
芡,kiam4
芣,feu2
芤,keu1
芥,gai4
芧,si4
芨,kip5
芩,kim2
芫,ngien2
芬,fun1
芭,ba1
芮,lui4
芰,ki3
花,fa1
芳,fong1
芴,vut6
芵,giet5
芷,zi3
芸,yun2
芹,kiun2
芺,yau3
芻,co1
芼,mau3
芽,nga2
芾,fui4
苑,yen4
苒,ngiam3
苓,lin2
苔,toi2
苕,tiau2
苗,miau2
苙,lip6
苛,ko1
苜,muk5
苞,bau1
苟,geu3
苠,min2
苡,yi3
苣,ki4
苤,pi1
若,yok6
苦,fu3
苦,ku3
苧,cu1
苨,li3
苫,zam1
英,yin1
苲,za4
苳,dung1
苴,zu1
苶,ngiap5
苹,pin2
苺,moi2
苻,pu2
苾,bit5
茀,fut5
茁,zot5
茂,meu4
范,fam4
茄,kio2
茄,ga1
茅,mau2
茆,mau3
茇,pat6
茈,zu3
茉,mat6
茖,get5
茗,men3
茙,yung2
茛,gen4
茜,cien4
茢,liet6
茦,cu4
茨,ci2
茩,geu3
茫,mong2
茬,ci2
茭,gau1
茯,fuk6
茱,zu1
茲,zu1
茳,gong1
茴,fui2
茵,yin1
茶,ca2
茷,fat6
茸,yung2
茹,yi2
茺,cung1
茼,tung2
荀,sun2
荁,fon2
荃,cien2
荄,goi1
荅,dap5
荇,hen4
荈,con3
草,cau3
荊,gin1
荋,yi2
荍,kiau1
荎,zi4
荏,ngim4
荐,zien4
荑,yi2
荒,fong1
荓,pin2
荔,lai1
荔,lai4
荖,lau3
荳,teu4
荷,ho2
荷,ho4
荸,put6
荻,tit6
荼,tu2
荽,sui1
莆,pu2
莉,li4
莊,zong1
莌,tot5
莍,kiu2
莎,sa1
莎,so1
莒,gi3
莓,moi2
莔,mang2
莕,hen4
莖,gin3
莘,sin1
莙,kiun2
莚,yen2
莛,tin2
莝,co4
莞,gon3
莞,van3
莠,yiu3
莢,giap5
莤,yiu2
莦,sau1
莧,han4
莨,liong2
莩,fu1
莪,ngo2
莫,mok6
莽,mong3
莿,cu4
菁,zin1
菂,dit5
菅,gan1
菆,zeu1
菇,gu1
菉,luk6
菊,kiuk5
菋,mui4
菌,kiun3
菑,zu1
菑,zai1
菔,fuk6
菖,cong1
菗,ciu2
菘,sung1
菜,coi4
菝,pat6
菟,tu3
菠,bo1
菢,pau4
菤,gien3
菥,sit5
菩,pu2
菪,tong4
華,fa2
華,fa4
菰,gu1
菱,lin2
菲,fui1
菴,am1
菶,fung3
菸,yen1
菹,zu1
菻,lim3
菼,tam2
菽,suk5
菾,tiam2
萁,ki2
萁,gi1
萃,cui4
萄,tau2
萆,bi1
萇,cong2
萊,loi2
萋,ci1
萌,men2
萍,pin2
萎,vui3
萑,van2
萩,ciu1
萬,man4
萭,yi3
萱,hien1
萵,vo1
萸,yi2
萹,bien1
萼,ngok6
落,lok6
落,lau4
葆,bau3
葉,yap6
葍,fuk5
葎,lut6
葐,pun2
葑,fung1
葒,fung2
著,zu4
著,zok5
葙,siong1
葚,sim4
葛,got5
葠,sem1
葡,pu2
董,dung3
葦,vui3
葩,ba1
葫,fu2
葬,zong4
葭,ga1
葮,ton4
葯,yok6
葱,cung1
葳,vui1
葵,kui2
葶,tin2
葷,fun1
葸,si1
葺,cip5
葽,yau1
蒂,di4
蒐,seu1
蒔,si4
蒙,mung2
蒜,son4
蒞,li4
蒟,gi3
蒡,pong2
蒢,cu2
蒧,diam3
蒨,cien4
蒯,kai4
蒱,pu2
蒲,pu2
蒸,zin1
蒹,giam1
蒺,cit6
蒻,ngiok6
蒼,cong1
蒿,gau1
蒿,kau1
蓀,sun1
蓁,zin1
蓂,men2
蓄,cuk5
蓆,ciak6
蓉,yung2
蓊,vung3
蓋,goi4
蓌,co4
蓍,si1
蓐,yuk6
蓑,so1
蓓,pui4
蓧,tiau2
蓪,tung1
蓬,pung2
蓮,lien2
蓯,cung1
蓰,sai3
蓳,giun3
蓴,sun2
蓷,tui1
蓺,ngi4
蓼,luk6
蓼,liau3
蓽,bit5
蓿,suk5
蔀,pu4
蔂,lo2
蔇,gi4
蔉,gun3
蔊,hon4
蔋,tit5
蔌,suk5
蔎,siet5
蔏,song1
蔑,met5
蔓,man4
蔔,pet6
蔕,dai4
蔗,za4
蔘,sem1
蔚,vui3
蔞,leu2
蔟,cuk6
蔡,cai4
蔣,ziong3
蔤,met6
蔥,cung1
蔦,ngiau3
蔫,yen1
蔬,so1
蔭,yim4
蔯,cin2
蔽,bi4
蕁,cim2
蕃,fan1
蕈,cim3
蕉,ziau1
蕊,yui1
蕎,kiau2
蕓,yun2
蕕,yiu2
蕖,ki2
蕘,ngiau2
蕙,fui4
蕝,ciet6
蕞,cot5
蕡,fun2
蕢,kui4
蕣,sun4
蕨,giet5
蕩,tong4
蕪,vu2
蕫,dung3
蕬,su1
蕭,siau1
蕮,sit5
蕷,yi4
蕸,ha2
蕹,vung4
蕺,cip5
蕻,fung4
蕾,lui2
蕾,lui3
薀,vun3
薁,yuk5
薄,pok6
薅,gau1
薆,oi4
薇,mi2
薈,fui4
薉,ve4
薊,gi4
薌,hiong1
薏,yi4
薐,lin2
薑,giong1
薔,siong2
薖,ko1
薘,tat6
薙,ci3
薛,siet5
薜,pit5
薝,zam1
薟,ciam1
薟,liam2
薠,fan2
薡,din3
薢,gai4
薤,hai4
薦,zien4
薨,gen1
薩,sat5
薪,sin1
薯,su2
薰,hiun1
薱,dui4
薳,yen3
薴,len2
薶,mai2
薷,yi2
薸,piau2
薹,toi2
薺,ci2
薽,zin1
薿,ngi3
藄,ki2
藇,yi1
藉,zia4
藉,cit6
藋,tit6
藍,lam2
藎,zin4
藏,cong2
藐,miau3
藒,giet5
藕,ngiu3
藙,ngi4
藚,suk6
藜,lai2
藝,ngi4
藞,la3
藟,lui3
藤,ten2
藥,yok6
藦,mo2
藨,biau1
藩,fan2
藪,seu3
藪,deu4
藫,tam2
藬,tui2
藭,kiung2
藶,let6
藷,zu1
藹,oi3
藺,lin4
藻,zau3
藾,lai4
藿,kok5
蘀,tok6
蘄,ki2
蘅,fen2
蘆,lu2
蘇,su1
蘉,mong2
蘊,vun4
蘋,pin2
蘑,mo2
蘗,pit5
蘘,yong2
蘙,yi4
蘚,sien3
蘡,yin1
蘢,lung2
蘧,ki2
蘩,fan2
蘭,lan2
蘶,ngui4
蘸,ziam3
蘹,fai2
蘺,li2
蘼,mi2
蘿,lo2
虆,lui2
虍,fu1
虎,fu3
虐,ngiok5
虒,su1
虓,hau1
虔,kien2
處,cu4
處,cu3
虖,fu1
虙,fuk6
虛,hi1
虜,lu1
虞,ngi2
號,hau4
虡,ki3
虢,get5
虣,pau4
虥,can4
虧,kui1
虩,hit5
虫,cung2
虯,kiu2
虰,den1
虱,sit5
虹,fung2
虺,fui1
虺,vui3
虼,gak5
蚆,ba1
蚇,cak5
蚊,mun1
蚋,lui4
蚌,pong1
蚍,pi2
蚎,yet6
蚑,ki2
蚓,yin3
蚕,cam2
蚖,ngien2
蚘,fui2
蚚,ki2
蚝,cu4
蚣,gung1
蚤,zau3
蚧,gai4
蚨,fu2
蚩,ci1
蚪,deu3
蚯,hiu1
蚰,yiu2
蚱,zak5
蚳,ci2
蚵,ho2
蚶,ham1
蚺,lam4
蚻,zat5
蚻,cat6
蚾,pi2
蚿,hien2
蛀,zu4
蛃,biang3
蛄,gu1
蛅,ngiam2
蛆,zu1
蛇,sa2
蛇,yi4
蛈,tiet5
蛉,lin2
蛋,tan4
蛐,kiuk5
蛑,meu2
蛓,cu4
蛔,fui2
蛘,yong2
蛙,va1
蛛,du1
蛜,yi1
蛞,gat5
蛟,gau1
蛣,giet5
蛤,gap5
蛩,kiung2
蛭,zit5
蛵,hin1
蛷,kiu2
蛸,sau1
蛸,siau1
蛹,yung3
蛺,giap5
蛻,tui4
蛾,ngo2
蜀,suk6
蜂,fung1
蜃,sin3
蜆,han3
蜇,ziet5
蜈,ng2
蜉,feu2
蜊,li4
蜊,li1
蜋,long2
蜌,pi3
蜍,su2
蜎,gien1
蜑,tan4
蜒,yen2
蜓,tin2
蜘,di1
蜚,fui1
蜜,mit6
蜞,ki2
蜡,za4
蜢,mang3
蜢,mang1
蜣,giong1
蜥,sit5
蜦,lun2
蜧,lui4
蜨,tiap6
蜩,tiau2
蜮,vet5
蜰,pui2
蜱,bi1
蜲,vui3
蜴,yit6
蜷,kien2
蜻,ciang1
蜼,vui4
蜾,go3
蜿,van1
蝀,dung4
蝃,di4
蝌,ko1
蝍,zit5
蝎,hiet5
蝓,yi2
蝕,sit6
蝗,fong2
蝘,yen3
蝙,bien1
蝛,vui1
蝝,yen2
蝟,vui4
蝠,fuk5
蝡,ngion1
蝣,yiu2
蝤,ciu2
蝥,mau2
蝦,ha1
蝦,ha2
蝨,sit5
蝪,tong1
蝫,zu1
蝭,ti2
蝮,fuk5
蝯,yen2
蝲,la2
蝴,fu2
蝶,tiap6
蝸,vo1
蝹,vun1
蝻,lam2
螂,long2
螃,pong2
螄,su1
螇,hi1
螈,ngien2
螉,vung1
融,yung2
螓,cin2
螔,yi2
螗,tong2
螞,ma1
螟,men2
螢,yin2
螣,ten2
螫,sit5
螬,cau2
螭,li2
螮,dai4
螯,ngau2
螰,luk6
螲,zit5
螳,tong2
螵,piau1
螺,lo2
螻,leu2
螽,zung1
螾,yin3
螿,ziong1
蟀,sut5
蟄,cit6
蟆,mok6
蟈,get5
蟉,liu2
蟊,mau2
蟋,sit5
蟑,zong1
蟒,mang3
蟘,tit6
蟜,giau3
蟞,biet5
蟟,liau2
蟠,pan2
蟠,fan2
蟢,hi3
蟣,gi1
蟥,vong2
蟦,pui2
蟧,lau2
蟨,ket5
蟪,fui4
蟫,yim1
蟬,sam2
蟯,ngiau2
蟲,cung2
蟳,cim2
蟶,cin1
蟹,hai3
蟺,sien3
蟻,li1
蟾,sam2
蠁,hiong3
蠃,lo3
蠅,yin2
蠆,cai4
蠈,cet6
蠉,fan2
蠋,zuk5
蠍,hiet5
蠐,ci2
蠑,yin2
蠓,mung2
蠔,hau2
蠕,yi2
蠖,vok5
蠙,bin1
蠛,met5
蠜,fan2
蠟,lap6
蠡,li1
蠢,cun3
蠣,li4
蠩,zu1
蠪,lung2
蠮,yet5
蠯,pi2
蠱,gu3
蠲,gien1
蠵,hi1
蠶,cam2
蠹,du4
蠻,man2
蠾,zuk5
血,hiet5
衁,fong1
衃,feu2
衃,pui1
衄,luk6
衈,ngi3
衊,met5
衋,sit5
行,hang2
行,hang2
行,hong2
行,hang2
衍,yen3
衎,kon4
衒,hien4
術,sut6
衕,tung2
衖,hong4
街,gai1
衙,nga2
衚,fu2
衛,vui4
衝,cung1
衞,vui4
衡,fen2
衢,ki2
衣,yi1
表,biau3
衩,ca4
衫,sam1
衭,fu1
衯,fun1
衰,soi1
衱,giap5
衲,lap6
衵,ngit5
衷,cung1
衽,ngim4
衾,kim1
衿,kim1
袀,giun1
袁,yen2
袂,mi4
袈,ga1
袋,toi4
袍,pau2
袎,yiu4
袑,sau4
袒,tan3
袖,ciu4
袗,zin3
袙,pa4
袚,fut5
袞,gun3
袡,ngiam4
袢,pan4
袤,meu4
袨,hien4
袪,ki1
被,pi4
被,pi1
袱,fuk6
袷,giap5
袺,giet5
袼,lok5
袽,yi2
袾,zu1
裀,yin1
裁,cai2
裂,liet6
裉,ken4
裊,ngiau3
裋,su4
裌,giap5
裍,kun3
裏,li1
裏,di1
裒,peu2
裔,yi3
裕,yi4
裘,kiu2
裙,kiun2
裛,yip5
補,bu3
裝,zong1
裟,sa1
裡,li1
裧,zam1
裨,pi2
裨,bi1
裯,ciu2
裰,dot5
裱,biau3
裳,song2
裴,pui2
裶,fui1
裸,lo3
裹,go3
裺,yam3
裻,duk5
裼,tit5
製,ze4
裾,gi1
褂,ga4
複,fuk5
褉,giet5
褊,bien3
褌,gun1
褐,hot5
褑,yen4
褒,bau1
褓,bau3
褕,yi2
褖,ton4
褗,yen3
褘,vui3
褙,boi4
褚,cu1
褡,dap5
褢,fai2
褥,yuk6
褦,lai4
褧,gen3
褪,tun4
褫,ci3
褭,ngiau3
褯,cia4
褱,fai2
褲,fu4
褳,lien2
褵,li2
褶,sip6
褶,zap5
褸,leu1
褸,leu3
褻,siet5
褼,sien1
襁,giong3
襄,siong1
襆,puk5
襋,git5
襌,dan1
襏,pat5
襓,ngiau2
襖,au3
襗,yit6
襘,kai4
襚,sui4
襛,ngiung2
襜,zam1
襝,liam2
襞,bit5
襟,kim1
襠,dong1
襠,long4
襡,suk6
襢,tan3
襤,lam2
襦,yi2
襩,suk6
襪,mat5
襫,sit5
襭,giet5
襮,bok5
襯,cin4
襱,lung2
襲,sip6
襳,siam1
襴,lan2
襶,dai4
襺,gan3
襻,pan4
襾,a4
西,si1
要,yau4
要,yau1
覂,fung3
覃,tam2
覆,fuk5
覆,puk5
覈,het5
見,gien4
規,gui1
覓,met5
視,si4
覘,zam1
覜,tiau4
覟,zi4
覡,sang4
覦,yi2
親,cin1
覬,gi4
覭,men2
覯,geu4
覲,giun3
覶,lo2
覺,gok5
覺,gau4
覽,lam4
覿,tuk6
觀,gon1
觀,gon4
角,gok5
觔,gin1
觕,cu1
觖,giet5
觚,gu1
觝,di3
觡,gak5
解,gai3
解,gai4
觥,gen1
觩,kiu2
觫,suk5
觭,ki2
觰,ca1
觱,bit5
觳,guk5
觴,song1
觶,zi4
觸,cuk5
言,ngien2
訂,dang4
訃,fu4
訄,kiu2
訇,vang1
計,ge4
訊,sin4
訌,fung2
討,tau3
訏,hi1
訐,giet5
訑,yi2
訒,ngiun4
訓,hiun4
訕,san4
訖,ngiet5
託,tok5
記,gi4
訛,ngo2
訝,nga3
訟,sung4
訢,hiun1
訣,giet5
訥,lap6
訧,yiu2
訪,fong3
訬,cau3
設,siet5
許,hi3
訴,su4
訶,ko1
診,zin3
註,zu4
証,zin4
訾,zu3
詀,zam1
詁,gu3
詄,diet5
詆,di3
詈,li4
詌,gam4
詍,yi4
詎,ki3
詏,au4
詐,za4
詑,to2
詔,zau4
評,pin2
詖,bi4
詗,hin4
詘,kiut5
詛,zu3
詞,cu2
詠,yun3
詡,hi3
詢,sun2
詣,ngi4
試,ci4
試,si4
詨,hau4
詩,si1
詫,ca4
詬,geu4
詭,gui3
詮,cien2
詰,giet5
話,va4
話,fa4
話,va4
該,goi1
詳,siong2
詶,ciu2
詷,tung2
詹,zam1
詺,miang4
詻,gak5
詼,foi1
詿,ga4
誂,tiau2
誄,loi3
誅,zu1
誇,ka1
誌,zi4
認,ngin4
誏,long4
誑,kong2
誒,e1
誓,si4
誕,dan4
誖,put6
誘,yiu3
誚,ciau4
語,ngi1
誠,sin2
誡,gai4
誣,mu2
誤,ngu4
誥,kau4
誦,sung4
誧,pu2
誨,fui4
說,soi4
說,sot5
說,yet6
誰,sui2
課,ko4
誶,sui4
誹,fui3
誼,ngi4
誾,ngiun2
調,tiau4
調,tiau2
諂,ciam3
諄,zun1
談,tam2
諉,vui3
請,ciang3
請,ciang3
諍,zen4
諏,zeu1
諑,dok5
諒,liong4
諓,cien4
諕,hak5
論,lun4
諗,lem3
諗,sim3
諛,yi2
諜,tiap6
諝,si1
諞,pien2
諞,pien3
諟,si4
諠,sien1
諡,si4
諤,ngok6
諦,di4
諧,hai2
諫,gan4
諭,yi4
諮,zu1
諯,zon1
諱,vui3
諲,yen1
諳,am1
諴,ham2
諵,lam2
諶,sim2
諷,fung4
諸,zu1
諺,ngien4
諼,sien1
諾,lok5
謀,meu2
謁,yet5
謂,vui4
謄,ten2
謅,ciu1
謆,sien4
謇,kien3
謈,pok6
謊,fong3
謎,mi2
謏,siau3
謐,met6
謒,ciong1
謔,ngiok5
謖,suk5
謗,bong4
謙,kiam1
謚,si4
講,gong3
謝,cia4
謞,kok5
謠,yau2
謦,kin4
謧,li2
謨,mu2
謪,song1
謫,zak5
謬,meu3
謯,za1
謱,leu2
謳,iu1
謶,sok5
謷,ngau2
謹,giun3
謺,zip5
謻,yi2
謼,fu1
謾,man4
譁,fa2
譂,sien4
譆,hi1
譈,dui4
證,zin4
譊,lau2
譎,git5
譏,gi1
譐,zun3
譑,giau3
譒,bo4
譓,fui4
譔,con3
譖,ziam4
識,sit5
譙,ziau1
譚,tam2
譜,pu3
譟,cau4
警,gin3
譧,liam2
譫,zam1
譬,pit5
譭,fui3
譯,yit6
議,ngi4
譴,kien3
護,fu4
譹,hau2
譺,ngi3
譽,yi4
譾,zien3
讀,tuk6
讀,teu4
變,bien4
讌,yen4
讒,cam2
讓,ngiong4
讕,lan2
讖,ciam1
讘,ngiap5
讙,fon1
讚,zan4
讜,dong3
讞,hien4
讟,tuk6
谷,guk5
谽,ham2
谿,kai1
豁,hot5
豆,teu4
豇,gong1
豈,ki3
豉,si4
豊,li3
豋,den1
豌,van1
豎,su4
豐,fung1
豔,yam4
豕,ci3
豗,foi1
豚,tun2
豝,ba1
象,siong4
豢,fam4
豦,ki2
豨,hi1
豪,hau2
豫,yi4
豬,zu1
豭,ga1
豳,bin1
豵,zung1
豶,fun2
豸,ci4
豹,bau4
豺,sai2
豻,gon1
豻,ngan4
豽,lap6
貀,lut6
貁,yiu4
貂,diau1
貅,hiu1
貆,fon2
貉,hok6
貊,met6
貌,mau4
貍,li2
貏,bi3
貒,ton2
貓,miau4
貓,miau2
貔,pi1
貝,bui4
貞,zin1
負,fu4
財,coi2
貢,gung4
貣,tit6
貤,yi2
貧,pin2
貨,fo4
販,fan4
貪,tam1
貫,gon4
責,zit5
貯,cu1
貰,si4
貲,zu1
貳,ngi4
貴,gui4
貶,bien3
買,mai1
貸,toi4
貹,sen4
貺,kong3
費,fui4
貼,diap5
貼,tiap5
貽,yi2
貿,meu3
賀,fo4
賁,bi4
賁,bun1
賂,lu4
賃,ngim4
賄,fui4
賅,goi1
資,zu1
賈,ga3
賈,gu3
賊,cet6
賏,yin3
賑,zin3
賒,ca1
賒,ca2
賓,bin1
賙,ziu1
賚,loi3
賜,su4
賞,song3
賠,poi2
賡,gang1
賢,hien2
賣,mai4
賤,cien4
賦,fu4
賧,tam4
賨,zung1
質,zit5
質,zi4
賬,zong4
賭,du3
賮,zin4
賴,lai4
賵,fung4
賸,sin4
賺,can4
賻,fu4
購,geu4
賽,soi4
賾,zit5
贄,zi4
贅,zui4
贈,zen4
贊,zan4
贋,ngan4
贍,sam4
贏,yang2
贐,zin4
贓,zong1
贔,bi1
贖,suk6
贗,ngan4
贛,gam4
贛,gung4
赤,cak5
赦,sa4
赧,lan3
赫,het5
赬,cin1
赭,za3
走,zeu3
赳,diu3
赴,fu4
赶,gon3
起,hi3
趁,cin4
趄,zu1
超,cau1
越,yet6
趍,ci2
趑,zu1
趒,tiau4
趔,liet6
趕,gon3
趙,cau4
趟,tong4
趠,zok5
趣,ci4
趨,ci1
趪,vong2
趫,kiau2
趭,yau4
趮,cau4
趯,yok5
趲,zan3
足,zuk5
趴,pa2
趵,bau4
趷,ngiet5
趹,giet5
趺,fu1
趼,gien1
趾,zi3
趿,sap5
跁,pa2
跅,tok6
跆,toi2
跈,ngien3
跋,pat6
跌,diet5
跍,ku1
跎,to2
跏,ga1
跐,cu3
跑,pau1
跒,kia4
跕,tiap5
跖,zak5
跗,fu1
跙,zu1
跚,san1
跛,bai1
跛,bo3
距,ki3
跟,gen1
跠,yi2
跡,zit5
跢,doi1
跢,do3
跣,sien3
跦,zu1
跧,cien2
跨,ka1
跪,kui3
跫,kiung2
跬,gui3
跮,zi4
路,lu4
跲,giap5
跳,tiau2
跳,tiau4
跴,cai3
跺,do3
跼,kiuk6
跽,ki3
跿,tu2
踆,zun1
踉,long2
踉,liong2
踊,yung3
踏,tap6
踏,ap6
踐,cien4
踑,ki2
踒,vui1
踔,zok5
踖,sit5
踘,kiuk5
踝,ka4
踞,gi4
踞,kiu2
踟,ci1
踡,kien2
踢,tiak5
踤,cut5
踦,ki2
踧,ciuk5
踩,cai3
踫,pung4
踭,zang1
踰,yi2
踱,tok6
踳,cun3
踴,yung3
踵,zung3
踶,ti2
踹,cai3
踼,tong4
踽,gi3
蹀,tiap6
蹁,pien2
蹂,yiu2
蹄,tai2
蹅,za1
蹇,kien3
蹈,tau4
蹉,co2
蹊,hi1
蹋,tap6
蹌,cong1
蹎,dien1
蹐,zit5
蹔,ciam4
蹖,zung1
蹙,cuk5
蹜,suk5
蹝,sai3
蹟,ziak5
蹠,zak5
蹢,dit5
蹢,zak5
蹣,pan2
蹤,zung1
蹦,ben1
蹧,zau1
蹩,piet6
蹬,ten4
蹬,diam4
蹭,cen4
蹯,fan2
蹲,cun2
蹴,cuk5
蹶,kiet5
蹶,gui4
蹺,kiau1
蹻,kiau1
蹼,buk5
躁,cau4
躂,tat6
躄,pit5
躅,cuk5
躇,cu2
躉,dun3
躊,ciu2
躋,zi4
躍,yok5
躐,liap6
躑,cit5
躒,lit6
躓,zi4
躔,cien2
躕,cu2
躘,lung2
躚,cien1
躝,lan2
躞,siet5
躡,ngiap5
躦,zien1
躩,kiok5
躪,lin4
身,sin1
躬,giung1
躭,dam1
躲,do3
躺,tong3
軀,ki1
軉,ngiuk6
車,ca1
車,gi1
軋,zet5
軌,gui3
軍,giun1
軏,ngiet5
軑,ti4
軒,hien1
軔,ngiun3
軘,tun2
軛,ak5
軜,lap6
軝,ki2
軟,ngion1
軥,geu1
軫,zin3
軵,yung3
軷,pat6
軸,cuk6
軹,zi3
軺,yau2
軻,ko1
軼,yit6
軾,sit5
輀,yi2
輂,giuk5
較,gau4
輅,lu4
輇,cien2
輈,ziu1
載,zoi4
載,zai3
輊,zi4
輒,ziap5
輓,van3
輔,pu3
輕,kiang1
輕,kiang1
輖,ziu1
輗,ngi2
輘,lin2
輚,can4
輛,liong3
輜,zu1
輝,fui1
輞,vong3
輟,dot5
輠,go3
輠,fui4
輤,cien4
輥,gun3
輦,lien3
輩,bui4
輪,lin2
輪,lun2
輬,liong2
輮,yiu3
輯,cip5
輳,ceu4
輴,cun1
輵,got5
輶,yiu2
輸,su1
輹,fuk5
輻,fuk5
輾,zien3
輿,yi2
轂,guk5
轄,hat5
轅,yen2
轆,luk6
轇,gau1
轉,zon4
轉,zon4
轉,zon3
轍,ciet5
轎,kiau4
轏,can4
轐,puk6
轓,fan1
轔,lin2
轕,got5
轗,kam3
轘,van4
轞,gam4
轟,gen1
轡,bi4
轢,lit6
轣,lit6
轤,lu2
辛,sin1
辜,ku1
辟,pit5
辣,lat6
辦,pan4
辨,pien4
辭,cu2
辮,bien1
辯,pien4
辰,sin2
辱,yuk6
農,lung2
辵,ciok5
迂,yi1
迄,ngiet5
迅,sin4
迆,yi3
迋,vong4
迍,zun1
迎,ngiang2
近,kiun4
近,kiun1
迒,hong2
迓,nga3
返,fan3
迕,ng3
迢,tiau2
迣,ce4
迤,yi2
迥,gen3
迦,ga1
迨,tai4
迪,tit6
迫,bet5
迭,diet5
述,sut6
迴,fui2
迷,mi2
迸,bin4
迺,lai3
迻,yi2
追,zui1
退,tui4
送,sung4
适,gat5
适,sit5
逃,tau2
逄,pong2
逅,heu4
逆,ngiak6
逋,pu2
逌,yiu2
逍,siau1
透,teu4
逐,cuk6
逐,diak5
逑,kiu2
途,tu2
逕,gang4
逖,tit6
逗,teu4
這,ngia3
這,za3
通,tung1
逛,kong3
逝,si4
逞,cin3
速,suk5
造,cau4
逡,zun1
逢,fung2
連,lien2
逭,fon3
逮,tai4
週,ziu1
進,zin4
逵,kui2
逶,vui1
逸,yit6
逼,bit5
逾,yi4
逿,tong4
逿,tong2
遁,tun3
遂,sui4
遄,zon1
遇,ngi4
遊,yiu2
運,yun4
遍,bien4
過,go4
遏,ot5
遐,ha2
遑,fong2
遒,ciu2
道,tau4
道,dau4
達,tat6
違,vui2
遘,geu4
遙,yau2
遛,liu2
遜,sun4
遝,tap5
遞,ti4
遠,yen3
遢,tap5
遣,kien3
遨,ngau2
適,sit5
適,zak5
遭,zau1
遮,za1
遯,tun3
遰,ti4
遲,ci2
遴,lin2
遵,zun1
遶,ngiau3
遷,cien1
選,sien3
遹,yut6
遺,vui2
遻,ngu4
遼,liau2
遽,gi3
避,pi4
邀,yau1
邁,mai4
邂,hai4
邃,sui4
還,han2
還,van2
還,fan2
邅,zien1
邇,li3
邈,miau3
邊,bien1
邋,liap6
邏,lo3
邏,la2
邐,li4
邑,yip5
邔,ki3
邕,yung1
邘,yi2
邙,mong2
邛,kiung2
邠,bin1
邡,fong1
邢,hin2
那,la3
邦,bong1
邪,sia2
邯,hon2
邯,ham2
邰,toi2
邱,hiu1
邲,bit5
邳,pi1
邴,biang3
邵,zau4
邶,pui4
邸,di3
邽,gui1
邾,zu1
邿,si1
郁,yuk5
郃,hap6
郅,zit5
郇,sun2
郈,heu4
郊,gau1
郎,long2
郔,yen2
郕,sin2
郚,ng2
郛,fu1
郜,gau4
郝,kok5
郟,giap5
郡,kiun4
郢,cin3
郤,hit5
部,pu4
郪,ci1
郫,pi2
郭,gok5
郯,tam2
郰,zeu1
郱,pin2
郲,loi2
郳,ngi2
郴,cim1
郵,yiu2
都,du1
郾,yen3
郿,mi2
鄀,yok6
鄂,ngok6
鄃,yi1
鄄,gien4
鄅,yi3
鄆,yun4
鄇,heu2
鄉,hiong1
鄋,seu1
鄎,sit5
鄐,hiuk5
鄑,zi1
鄒,zeu1
鄔,vu1
鄖,yun2
鄘,yung2
鄙,pi3
鄚,mok5
鄜,fu1
鄝,liau3
鄞,ngiun2
鄟,zon1
鄢,yen1
鄣,zong1
鄤,man4
鄧,ten4
鄩,cim2
鄭,cang4
鄮,meu3
鄰,lin2
鄱,po2
鄲,dan1
鄳,mang2
鄴,ngiap6
鄵,cau4
鄶,kai4
鄹,zeu1
鄺,kong3
鄾,yiu2
酅,hi1
酆,fung1
酇,zan4
酈,lit6
酉,yiu1
酊,dang1
酋,yiu2
酌,zok5
配,pui4
酎,ciu4
酏,yi2
酒,ziu3
酕,mau2
酖,dam1
酗,hi4
酘,teu2
酡,to2
酢,cok6
酣,tiam2
酤,gu1
酥,su1
酩,min3
酪,lok5
酬,ciu2
酲,cin2
酳,yin3
酴,tu2
酵,gau4
酷,kuk6
酸,son1
酹,lot5
酺,pu2
醁,luk6
醃,yam1
醃,yap5
醄,tau2
醅,pui2
醆,zan3
醇,sun2
醉,zui4
醊,zot5
醋,cu4
醍,ti2
醐,fu2
醑,si1
醒,siang3
醒,siang3
醓,tam3
醜,ciu3
醞,vun4
醟,yun3
醡,za4
醢,hoi3
醣,tong2
醥,piau4
醨,li2
醪,lau2
醫,yi1
醬,ziong4
醭,puk5
醮,ziau4
醯,hi1
醰,tam2
醱,pat5
醲,ngiung2
醴,ti3
醵,gi4
醹,yi2
醺,hiun1
醾,mi2
釀,ngiong4
釁,hin4
釂,ziau4
釃,si1
釅,ngiam2
釆,pien4
采,cai3
釉,yiu4
釋,sit5
里,li1
重,cung2
重,cung1
重,cung4
野,ya1
野,ya3
量,liong2
量,liong4
釐,li2
金,gim1
釗,zau1
釘,dang1
釘,dang1
釜,fu3
針,zim1
釣,diau4
釤,cam4
釦,keu4
釧,con4
釫,vu1
釬,hon4
釭,gong1
釭,gung1
釱,ti4
釴,yit6
釵,cai1
釿,gin1
鈀,pa2
鈁,fong1
鈄,deu3
鈆,yen2
鈇,fu1
鈉,lap6
鈍,tun4
鈎,geu1
鈐,kiam2
鈒,sap5
鈔,cau1
鈕,leu3
鈚,pi2
鈞,giun1
鈣,goi4
鈴,lang2
鈷,gu3
鈸,pat6
鈹,pi1
鈺,ngiuk6
鈾,yiu2
鈿,tien2
鉀,gap5
鉅,ki3
鉆,zon4
鉉,hien3
鉊,zau1
鉋,pau2
鉎,sang1
鉏,co2
鉐,sak6
鉑,pak6
鉒,zu4
鉔,zap5
鉗,kiam2
鉛,yen2
鉞,yet6
鉣,giap5
鉤,geu1
鉦,zin1
鉸,gau4
銀,ngiun2
銃,cung4
銅,tung2
銍,zit5
銎,kiung2
銑,sien3
銓,cien2
銖,su2
銘,min3
銚,tiau4
銚,yau2
銛,siam2
銜,ham2
銬,keu4
銲,hon4
銳,yui4
銶,kiu2
銷,siau1
銹,siu4
銹,sio4
銻,tai1
銼,co4
鋁,li1
鋂,moi2
鋃,long2
鋄,man4
鋅,sin1
鋆,yun2
鋈,vok5
鋊,yuk6
鋋,tin3
鋏,giap5
鋒,fung1
鋕,zi4
鋘,ng2
鋙,ng2
鋝,lot5
鋟,cim1
鋤,co2
鋦,kiuk6
鋧,hien4
鋩,mong2
鋪,pu1
鋪,pu4
鋸,gi4
鋼,gong4
鋾,tau2
錁,ko4
錄,luk6
錈,kien4
錐,zui1
錔,tap6
錕,kun1
錘,cui2
錙,zu1
錚,zen1
錛,bun1
錞,dui4
錞,sun2
錟,yam3
錠,tin4
錡,ki3
錢,cien2
錣,dot5
錤,gi1
錦,gim3
錨,lau2
錫,siak5
錮,gu4
錯,co4
錯,cok5
錳,mang1
錶,biau1
鍇,gai1
鍉,ti2
鍊,lien4
鍋,vo1
鍍,tu4
鍐,zung1
鍔,ngok6
鍚,yong2
鍛,ton4
鍠,fong2
鍤,cap5
鍥,kiet5
鍧,vang2
鍪,meu2
鍬,ciau1
鍭,heu2
鍰,fon2
鍱,yap6
鍵,kien4
鍼,zim1
鍾,zung1
鎂,mui1
鎊,pong2
鎍,sok5
鎏,liu2
鎔,yung2
鎖,so3
鎗,ciong1
鎚,cui2
鎛,bok5
鎞,bi1
鎡,zu1
鎢,vu1
鎤,fong3
鎧,koi3
鎩,sai4
鎪,seu1
鎬,hau3
鎮,zin3
鎰,yit5
鎳,ngiet5
鏃,cuk6
鏇,sien4
鏈,lien2
鏊,ngau4
鏌,mok6
鏐,liu2
鏑,dit5
鏖,biau1
鏗,ken1
鏘,ciong1
鏚,cit5
鏜,tong1
鏝,man4
鏞,yung2
鏟,can3
鏡,giang4
鏢,biau1
鏤,leu3
鏦,cung2
鏨,cam4
鏵,fa2
鏷,puk6
鏺,pat5
鏽,siu4
鏾,san4
鐀,kui4
鐃,ngiau2
鐆,sui4
鐎,ziau1
鐏,zun1
鐐,liau2
鐓,dun1
鐔,tam2
鐖,gi1
鐘,zung1
鐫,zien1
鐮,liam2
鐰,cau4
鐲,cuk6
鐳,lui2
鐵,tiet5
鐵,diet5
鐶,van2
鐸,tok6
鐺,dong1
鐻,gi3
鐻,ki2
鑄,zu4
鑊,vok6
鑌,bin1
鑐,si1
鑑,gam4
鑒,gam4
鑕,zit5
鑞,lap6
鑠,siok5
鑢,li4
鑣,biau1
鑪,lu2
鑭,lan2
鑮,pok6
鑯,ciam1
鑰,yok5
鑱,cam2
鑲,siong1
鑴,gui1
鑷,ngiap5
鑼,lo2
鑽,zon4
鑽,zon1
鑾,lan2
鑿,cok6
钁,kiok5
長,cong2
長,zong3
镽,liau3
門,mun2
閂,con1
閃,sam3
閆,yam2
閈,hon4
閉,bi4
開,hoi1
開,koi1
閌,kong4
閎,fen2
閏,yun4
閑,han2
閒,han2
間,gan1
間,gan4
閔,men1
閘,cap6
閛,pin2
閜,ha4
閜,ko3
閟,bi4
閡,ngoi4
閣,gok5
閤,hap6
閥,fat6
閨,gui1
閩,men2
閫,kun3
閬,long4
閭,li1
閱,yet6
閶,cong1
閹,yam1
閻,yam2
閼,ot5
閼,yen1
閽,fun1
閾,vet5
閿,vun2
闃,hit5
闅,vun2
闆,ban3
闇,am4
闈,vui2
闉,yen1
闊,fat5
闋,ket5
闌,lan2
闍,sa1
闍,du1
闐,tien2
闑,ngiet5
闒,tap5
闓,koi3
闔,hap6
闕,kiet5
闖,cim3
關,gan1
闞,kam4
闟,hip5
闠,kui4
闡,cien3
闢,pit5
闣,dong4
闤,fan2
闥,dat5
阜,feu4
阞,let6
阡,cien1
阨,ak5
阪,ban3
阪,fan3
阮,ngion3
阯,zi3
阱,ziang3
防,fong2
阹,ki1
阻,zo3
阼,cu4
阽,yam2
阿,o1
阿,a1
陀,to2
陂,bi1
附,fu4
陊,to4
陋,leu4
陌,met5
降,gong4
降,hong2
限,han4
陑,yi2
陘,hin2
陛,pi3
陜,kiap6
陜,sam3
陝,sam3
陞,sin1
陟,zit5
陡,deu3
院,yen4
陣,cin4
除,cu2
陪,pui2
陬,zeu1
陭,yi1
陰,yim1
陲,sui2
陳,cin2
陴,bi1
陵,lin2
陶,tau2
陶,yau2
陷,ham3
陸,luk6
陼,du3
陽,yong2
陾,yin2
隄,ti2
隅,ngi2
隆,lung2
隈,voi1
隉,ngiap5
隊,dui4
隋,sui2
隍,fong2
階,gai1
隒,hiam3
隔,gak5
隕,yun3
隗,ngui4
隘,ai4
隙,hit5
際,zi4
障,zong4
隧,sui4
隨,sui2
險,hiam3
隮,zi1
隰,sip5
隱,yun3
隳,fui1
隴,lung1
隸,li4
隹,zui1
隻,zak5
隼,sun3
雀,ziok5
雁,ngan4
雄,hiung2
雅,nga3
集,sip6
雇,gu4
雉,ci1
雊,geu4
雋,zun4
雌,cu1
雍,yung1
雒,lok6
雓,yi2
雔,siu2
雕,diau1
雖,sui1
雗,hon4
雙,sung1
雚,gon4
雛,co1
雜,cap6
雝,yung1
雞,gai1
雟,hi1
離,li2
難,lan2
難,lan4
雨,yi3
雩,yi2
雪,siet5
雯,vun2
雰,fun1
雱,pong2
雲,yun2
零,lang2
零,lin2
雷,lui2
雸,gam1
雹,pok6
電,tien4
需,si1
霂,muk5
霄,siau1
霅,zap5
霆,tin2
震,zin3
震,cin3
震,zun1
霈,pui4
霉,moi1
霋,ci1
霍,kok5
霎,sap5
霏,fui1
霑,zam1
霓,ngi2
霖,lim2
霙,yin1
霜,song1
霝,lin2
霞,ha2
霠,yim1
霤,liu4
霦,bin1
霧,vu4
霧,mu4
霨,vui4
霩,gok5
霪,yim2
霫,sip6
霯,den1
霰,san4
露,lu4
霵,cip5
霸,ba4
霹,pit5
霽,zi4
霾,mai2
靂,lit6
靄,oi3
靈,lin2
靈,liang2
靉,oi4
青,ciang1
青,cin1
青,ciang1
靖,cin4
靘,cin4
靚,liang4
靚,ciang4
靛,tien4
靜,cin4
非,fui1
靠,kau4
靡,mi2
面,mien4
靦,tien3
靨,yap6
革,gak5
靪,den1
靮,dit5
靳,giun3
靴,hio1
靶,ba3
靷,yin3
靸,sap5
靺,mat5
靼,dat5
靽,ban4
靾,yi4
靿,au4
鞃,fen2
鞄,pau2
鞅,yong3
鞋,hai2
鞍,on1
鞏,giung3
鞔,man2
鞗,tiau2
鞘,siau4
鞙,hien3
鞚,kung4
鞝,zong3
鞞,bin3
鞠,kiuk5
鞣,ngeu2
鞤,bong1
鞦,ciu1
鞨,hot5
鞫,kiuk5
鞬,gien1
鞭,bien1
鞮,ti2
鞳,tap5
鞶,pan2
鞹,gok5
鞿,gi1
韁,giong1
韃,dat5
韆,cien1
韋,vui3
韌,ngiun4
韍,fut5
韎,moi4
韐,giap5
韓,hon2
韔,cong3
韗,yun4
韘,ngiap5
韙,vui3
韜,tau1
韝,geu1
韞,vun3
韡,vui3
韣,tuk6
韭,giu3
韰,hai4
韱,siam2
音,yim1
韶,sau2
韸,pung2
韻,yun4
響,hiong3
頁,yap6
頂,din3
頂,dang3
頃,ken3
項,hong4
順,sun4
頇,hon2
須,si1
頊,hiuk5
頌,sung4
頍,kui3
頎,ki2
頏,hong2
預,yi4
頑,ngan2
頒,ban1
頓,un4
頖,pan4
頗,po3
領,liang1
領,liang1
頜,hap6
頞,ot5
頡,giet5
頤,yi2
頦,hoi2
頫,fu3
頭,teu2
頰,giap5
頲,tin3
頷,ham3
頷,ngam3
頸,giang3
頹,tui2
頻,pin2
顄,ham3
顆,ko3
題,ti2
額,ngiak5
顎,ngok6
顏,ngan2
顒,yung2
顓,zon1
顗,koi3
願,ngien4
顙,song3
顛,dien1
類,lui4
顢,man2
顣,cuk5
顥,hau3
顧,gu4
顫,zien1
顫,zien1
顯,hien3
顰,pin2
顱,lu2
顴,kien2
風,fung1
颬,ha2
颮,pau2
颯,sap5
颱,toi2
颲,liet6
颳,gat5
颶,ki3
颸,su1
颺,yong2
颻,yau2
颼,seu1
颾,sau1
颿,fam2
飂,liau4
飂,leu2
飄,piau1
飛,bui1
飛,fui1
食,sit6
食,ci4
飢,gi1
飣,dang4
飥,tok5
飧,sun1
飩,tun1
飪,ngim4
飫,yi4
飭,cit5
飯,fan4
飲,yim3
飴,yi2
飶,bit5
飼,ci4
飼,su4
飽,bau3
飾,sit5
餀,ngai4
餂,tiam3
餃,gau3
餅,biang3
餈,ci2
餉,hiong3
養,yong1
餌,ngi3
餐,con1
餑,put6
餒,lui1
餓,ngo4
餔,bu1
餕,zun4
餖,teu4
餗,suk5
餘,yi2
餚,ngau2
餛,fun2
餞,zien4
餟,dot5
餡,ham4
餤,tam4
餤,tam2
餧,vui4
餧,lui4
館,gon3
餪,lon3
餫,fun2
餬,fu2
餭,fong2
餮,tiet5
餱,heu2
餲,ai4
餳,tong2
餵,vui4
餸,sung4
餼,hi4
餽,kui4
餾,liu4
餿,seu1
饁,yap5
饅,man2
饇,yi4
饈,siu1
饉,giun3
饋,kui4
饌,con3
饐,yi4
饑,gi1
饒,ngiau2
饔,yung1
饕,tau1
饗,hiong3
饘,zien1
饙,fun1
饛,mung2
饜,yam3
饞,cam2
饟,hiong3
首,siu3
馗,kui2
馘,get5
香,hiong1
馜,li3
馡,fui1
馥,buk5
馨,hin1
馬,ma1
馭,ngi4
馮,fung2
馯,hon2
馰,dit5
馱,to2
馲,tok5
馳,ci2
馴,sun2
馵,zu4
馹,yit6
馺,sap5
馽,zip5
駁,bok5
駃,giet5
駏,ki3
駐,zu4
駑,lu2
駒,ki1
駓,pi1
駔,cong3
駔,zu3
駕,ga4
駘,toi2
駙,fu4
駛,su3
駜,bit5
駝,to2
駟,si4
駢,pin2
駣,tau2
駥,yung2
駬,ngi3
駭,hai4
駮,bok5
駰,yin1
駱,lok6
駸,cim1
駹,mang2
駻,hon4
駼,tu2
駽,gien1
駾,tui4
駿,zun4
騁,pin4
騂,sin1
騄,luk6
騅,zui1
騇,sa4
騋,loi2
騍,ko4
騎,ki2
騏,ki2
騑,fui1
騕,yau3
騖,vu4
騙,pien4
騠,ti2
騢,ha2
騣,zung1
騤,kui2
騧,vo1
騫,ken1
騬,sin2
騮,liu2
騰,ten2
騲,cau3
騵,ngien2
騶,zeu1
騷,sau1
騸,sien4
騺,zi4
騾,lo2
驀,met5
驁,ngau2
驂,cam1
驃,piau4
驅,ki1
驊,fa2
驌,suk5
驎,lin2
驐,dun1
驒,to2
驔,tiam3
驕,giau1
驖,tiet5
驗,ngiam4
驙,zien1
驚,gin1
驚,giang1
驛,yit6
驟,ciu4
驢,li2
驤,siong1
驥,gi3
驦,song1
驩,fon1
驪,li2
骨,gut5
骫,vui3
骭,gon4
骯,hong3
骰,teu2
骳,pi4
骷,ku1
骸,hai2
骼,gak5
骾,gang3
骿,pien2
髀,bi3
髁,ko1
髂,ka4
髆,bok5
髊,co2
髏,leu2
髑,tuk6
髒,zong4
髓,sui3
體,ti3
髕,bin4
髖,kon1
高,gau1
髟,piau1
髣,fong3
髦,mau2
髧,tam3
髫,tiau2
髭,zu1
髮,fat5
髯,ngiam2
髳,mau2
髻,gi4
髼,pung2
髽,za1
髾,sau1
鬃,zung1
鬄,ti4
鬆,sung1
鬈,kien2
鬋,zien3
鬌,do3
鬍,fu2
鬐,ki2
鬒,zin3
鬖,sem1
鬘,man4
鬙,sen1
鬚,si1
鬢,bin4
鬣,liap6
鬤,yong2
鬥,deu4
鬧,lau4
鬨,fung4
鬩,hit5
鬫,kam4
鬮,kiu1
鬯,cong3
鬱,vut5
鬲,gak5
鬵,cim2
鬷,zung1
鬻,zuk5
鬼,gui3
魁,kui2
魂,fun2
魃,pat6
魄,pak5
魅,mui4
魈,siau1
魋,cui2
魋,tui2
魌,ki2
魍,miong3
魎,liong3
魏,ngui4
魑,li2
魒,piau1
魔,mo2
魕,gi1
魘,yam3
魙,ciam4
魚,ng2
魛,dau1
魦,sa1
魨,tun2
魯,lu1
魰,vun2
魴,fong2
魶,lap6
魷,yiu2
魺,ho2
魼,ki1
魽,ham1
鮀,to2
鮂,ciu2
鮅,bit5
鮆,ci3
鮐,toi2
鮑,bau1
鮒,fu4
鮓,za4
鮞,yi2
鮠,ngui2
鮦,tung2
鮪,vui3
鮫,gau1
鮭,gui1
鮮,sien1
鮮,sien3
鮸,men3
鮹,sau1
鯀,gun3
鯁,gang3
鯆,pu2
鯇,van1
鯈,yiu2
鯉,li1
鯊,sa1
鯔,zu1
鯗,siong3
鯚,gui4
鯛,diau1
鯠,loi2
鯢,ngi2
鯤,kun1
鯧,cong1
鯨,kin1
鯪,lang2
鯫,zeu1
鯰,ngiam4
鯷,ti2
鯸,heu2
鯽,zit5
鰆,cun1
鰈,tiap6
鰉,fong2
鰋,yen3
鰍,ciu1
鰒,fuk5
鰓,soi1
鰔,gam3
鰜,giam1
鰝,hau1
鰣,si2
鰥,gan1
鰨,tap5
鰩,yau2
鰫,yung2
鰭,ki2
鰱,lien2
鰲,ngau2
鰷,tiau2
鰹,gien1
鰻,man2
鰽,ciu2
鰾,piau4
鱄,zon1
鱉,biet5
鱍,pat5
鱎,giau3
鱒,zun1
鱔,sien1
鱖,gui4
鱗,lin1
鱗,lin2
鱘,cim2
鱟,heu4
鱠,kai4
鱣,zien1
鱨,song2
鱭,ci3
鱮,si4
鱵,zim1
鱷,ngok6
鱸,lu2
鱺,li2
鳥,diau1
鳥,ngiau3
鳧,fu2
鳩,giu1
鳱,gon1
鳱,hon4
鳲,si1
鳳,fung4
鳴,min2
鳶,yen1
鳷,zi1
鳻,fun1
鳿,ngiuk6
鴃,giet5
鴄,pit5
鴆,cim4
鴇,bau3
鴈,ngan4
鴉,a1
鴒,lin2
鴕,to2
鴗,lip6
鴘,pien4
鴛,yen1
鴝,ki2
鴞,hiau1
鴟,ci1
鴠,dan4
鴣,gu1
鴥,lut6
鴦,yong1
鴨,ap5
鴮,vu1
鴰,gat5
鴱,ngai4
鴳,on4
鴷,liet6
鴻,fung2
鴽,yi2
鴿,gap5
鵀,ngim4
鵁,gau1
鵂,hiu1
鵃,ziu1
鵊,kiap6
鵌,tu2
鵑,gien1
鵒,yuk6
鵓,put6
鵙,get5
鵚,tuk5
鵜,ti2
鵝,ngo2
鵠,fuk5
鵠,guk5
鵡,vu1
鵪,am1
鵬,pen2
鵯,bi1
鵰,diau1
鵲,siak5
鵴,kiuk5
鵷,yen1
鵻,zui1
鵽,dot5
鶀,ki2
鶂,ngiet5
鶄,zin1
鶉,cun1
鶊,gang1
鶋,gi1
鶖,ciu1
鶗,ti2
鶘,fu2
鶚,ngok6
鶛,gai1
鶡,hot5
鶢,yen1
鶨,ton4
鶩,vu4
鶪,giet5
鶬,ciong1
鶬,cong1
鶯,yin2
鶱,hien1
鶴,hok6
鶵,co1
鶹,liu2
鶺,zit5
鶻,gut5
鶼,giam1
鷁,yit5
鷂,yau4
鷃,an4
鷇,keu4
鷊,ngiak5
鷏,tien2
鷓,za4
鷕,yau4
鷖,yi1
鷗,iu1
鷙,zi4
鷚,liu4
鷝,bit5
鷥,su1
鷦,ziau1
鷩,biet5
鷫,suk5
鷮,giau1
鷯,liau2
鷲,ciu4
鷴,han2
鷸,yut6
鷹,yin1
鷺,lu4
鷽,hok6
鷿,pit5
鸁,lo3
鸂,kai1
鸃,ngi2
鸅,cak6
鸇,zien1
鸏,mung2
鸐,tit6
鸑,ngok6
鸓,lui3
鸕,lu2
鸚,yin1
鸛,gon4
鸝,li2
鸞,lan2
鹵,lu1
鹹,ham2
鹺,co2
鹼,gan3
鹽,yam2
鹿,luk6
麀,yiu2
麂,gi3
麃,biau1
麆,cu1
麇,kun4
麈,zu3
麋,mi2
麌,ngi3
麑,ngi2
麒,ki2
麓,luk6
麔,kiu4
麗,li4
麚,ga1
麛,mi2
麝,sa4
麟,lin2
麠,giang1
麤,cu1
麥,mak6
麧,ngiet5
麩,fu1
麫,mien4
麰,meu2
麴,kiuk5
麵,mien4
麻,ma2
麼,mo1
麾,fui1
黂,fun2
黃,vong2
黈,teu4
黌,fung2
黍,su3
黎,lai2
黏,ngiam2
黐,ci1
黑,het5
黔,kiam2
默,met6
黛,toi4
黜,zut5
黝,yiu3
點,diam3
黟,yi2
黠,giet5
黥,gin1
黦,vut5
黧,li2
黨,dong3
黭,am3
黮,tam4
黮,tam4
黯,am4
黲,cam3
黴,mi2
黶,yam3
黷,tuk6
黹,zi3
黺,fun3
黻,fut5
黼,pu3
黽,men3
黿,ngan2
鼇,ngau2
鼈,biet5
鼉,to2
鼎,din3
鼏,met5
鼐,lai4
鼒,zu1
鼓,gu3
鼕,tung2
鼖,fun2
鼘,yen1
鼙,pi2
鼛,gau1
鼞,tong2
鼠,cu3
鼢,fun2
鼥,pat6
鼨,zung1
鼪,sen1
鼫,sak6
鼬,yiu4
鼯,ng2
鼲,fun2
鼴,yen3
鼵,tut6
鼷,hi1
鼻,pi4
鼾,hon2
齁,geu1
齆,vung4
齇,za1
齈,lung2
齉,long3
齊,ce2
齊,ci2
齋,zai1
齍,zu1
齎,zu1
齏,zi1
齒,ci3
齔,cen4
齕,het6
齖,nga2
齗,ngiun2
齘,hai4
齙,bau4
齜,zu1
齟,zu3
齠,tiau2
齡,lin2
齣,cut5
齦,ngiun2
齧,ngat5
齪,cuk5
齬,ngi3
齯,ngi2
齲,gi3
齵,ngi2
齶,ngok6
齷,vok5
齸,yit5
齻,dien1
齾,ngat5
龍,lung2
龐,pong2
龔,giung1
龕,kam1
龜,gui1
龠,yok5
龢,fo2
𢬿,kai1
