普通中文,客家汉字,Hakka Pronunciation,English Definition
太陽,日頭,ngit5 teu2,Sun
月亮,月光,ngiet6 gong1,Moon
星星,星,sin1,Star
流星,天瀉屎,tien1 sia4 si3,Meteor
彗星,掃把星,sau4 ba3 sin1,Comet
銀河,天河,tien1 ho2,The milky way
日食,天狗食日,tien1 geu3 sit6 ngit5,Solar eclipse
月食,天狗食月,tien1 geu3 sit6 ngiet6,Lunar eclipse
刮風,發風,da3 fung1,Wind blows
刮颱風,打風差,da3 fung1 cai1,Have a typhoon
旋風,皺風鬼,zeu4 fung1 gui3,Tornado
逆風,頂頭風,din3 teu2 fung1,Against the wind
雲,雲,yun2,Cloud
雨,水,sui3,Rain（n.）
毛毛雨,水毛,sui3 mau1,Drizzle
下雨,落水,lok6 sui3,Rain (v.)
雨停了,晴水,ciang2 sui3,Rain stops
淋雨,涿水,duk5 sui3,Caught in the rain
雷,雷公,lui2 gung1,Thunder (n.)
打雷,雷公叫,lui2 gung1 giau4,Thunder (v.)
閃電,火蛇囁,fo3 sa2 ngiap5,Lightning
露水,露水,lu4 sui3,Dew (n.)
結露水,打露水,da3 lu4 sui3,Dew (v.)
霧,霧,mu4,Fog
起霧,落霧,lok6 mu4,Mist
霜,霜,song1,Frost (n.)
下霜,落霜,lok6 song1,Frost (v.)
虹,天弓,tien1 giung1,Rainbow
冰雹,雹,pok6,Hail(n.)
下冰雹,落雹,lok6 pok6,Hail (v.)
驟雨,過雲水,go4 yun2 sui3,Shower
雪,雪,siet5,Snow (n.)
下雪,落雪,lok6 siet5,Snow (v.)
雪化了,融雪,yung2 siet5,(snow)melt
冰,冰,ben1,Ice
結冰,結冰,giet5 ben1,Freeze
凍住了,結嗨冰,giet5 hoi1 ben1,Frozen
天氣,天時,tien1 si2,Weather
陰天,烏陰天,vu1 yim1 tien1,Overcast
晴天,好天,hau3 tien1,Sunny
天旱,天旱,tien1 hon1,Drought
水澇,浸大水,zim4 tai4 sui3,Flood
(天氣)熱,熱,ngiet6,Hot
(天氣)悶熱,熻,hip5,Hot and stuffy
(天氣)冷,冷,lang1,Cold
(天氣)涼,涼,liong2,Cool
(天氣)涼快,涼爽,liong2 song3,Cool and nice(weather)
(天氣)暖和,暖,lon1,Warm (weather)
山,嶺崗,liang1 gong1,Mountain
山頂,嶺頂,liang1 dang3,Peak
山腰,半山,ban4 san1,Mountainside
山麓,山腳下,san1 giok5 ha1,Foot of the mountain
山崖,山崖,san1 ngai2,Cliff
山崖,崩崗,ben1 gong1,Cliff
山谷,山窩,san1 vo1,Valley
山前,嶺腳下,liang3 giok5 ha1,Front of mountain
山後,嶺背後,liang1 boi4 heu1,Back of mountain
海,海,hoi3,Sea
江,河,ho2,River (discharging into the sea)
湖,湖,fu2,Lake
河,河,ho2,River
河岸,河邊,ho2 bien1,Riverside
河堤(沿河築),河壆,ho2 bok5,River bank
河壩(攔河築),陂頭,bi1 teu2,Dam
沙灘,沙壩,sa1 ba4,Beach
小溪,坑瀝,hang1 lak5,Stream
水渠,圳,zun4,Trench
池塘,塘,tong2,Pond
水坑,湖氹,fu2 tem2,Sump Puddle
平地,平地,piang2 ti4,"Flatland, plain"
石頭,石牯,sak6 gu3,Stone
鵝卵石,鵝卵石,ngo2 1on3 sak6,Cobble stone Pebble
沙子,沙公,sa1 gung1,Sand
土(乾、半乾),泥,lai2,Soil
泥(稀；爛),爛泥,lan4 lai2,Mud
灰塵,泥塵,lai2 cin2,Dust
垃圾,垃圾,lot5 sot5,Rubbish
鐵銹,魯,lu1,Rust
鐵銹,銹,sio4,Rust
刨花兒,木絲,muk5 si1,Wood shavings
刨花兒,刨茸,pau2 yung2,Wood shavings
粉(粉狀物),粉,fun3,Powder
末兒,碎,sui4,Crumb
(墻上的)硝,硝,siau1,Saltpetre
石灰,石灰,sak6 foi1,Lime
水泥,紅毛泥,fung2 mau1 lai2,Concrete
玻璃,玻璃,bo1 li1,Glass
漆,油漆,yiu2 cit5,Paint(n.)
磁石,磁挾,ci2 hiap6,Magnet
金子,金,gim1,Gold
銀子,銀,ngiun2,Silver
銅,銅,tung2,Copper
鐵,鐵,diet5,Iron
錫,錫,siak5,Tin
鋁,鋁,li1,Aluminium
冷水,冷水,lang1 sui3,Cold water
溫水,拿暖水,la2 lon1 sui3,Warm water
熱水,燒水,sau1 sui3,Hot water
沸水,沸水,bui4 sui3,Boiled water
(水)開了,沸嗨,bui4 hoi1,(water) Boiling
泔水,洗米水,se3 mi3 sui3,Hogwash
城裏,街肚,gai1 du3,City
鄉下,農村裡,lung2 cun1 li1,Countryside
村子,村,cun1,Village
巷子,巷,hong4,Lane
路,路,lu4,Road
東西,東西,dung1 si1,Things
顏色,色,set5,Colour
聲音,聲,sang1,Voice
氣味,味,mui4,Smell
味道,味,mui4,Flavour
光亮,光,gong1,Bright
影子,影,yang3,Shadow
風景,風景,fung1 gin3,Landscape
前面,臉前,ngiam4 cien2,In front of
後面,背後,boi4 heu1,Behind
左邊,左手析,zo3 siu3 bien1,Left side
右邊,右手析,yiu4 siu3 bien1,Right side
上面,上高,song4 gau1,Above
下面,下背,ha1 boi4,Underside Beneath
下面,腳下,giok5 ha1,Underside Beneath
裏面,裏背,di1 boi4,Inside
外面,門背,mun2 boi4,Outside
(屋)頂上,頂高,dang3 gau1,On top of
(床)底下,腳下,giok5 ha4,Underneath
中間,中間,zung1 gan1,Middle
中間,棟心,dung4 sim1,Middle
旁邊,側邊,zet5 bien1,Next to Beside
對面,對面,dui4 min4,Opposite
附近,附近,fu4 kiun4,Nearby
隔壁,隔籬,gak5 li2,Next door
鄰居,鄰舍,lin2 sa4,Neighbour
鄰居,隔離鄰舍,gak5 li2 lin2 sa4,Neighbour
今年,今年,gim1 ngien2,This year
去年,舊年,kiu4 ngien2,Last year
前年,前年,cien2 ngien2,The year before last year
大前年,大前年,tai4 cien2 ngien2,Two years before last year
明年,出嗨年,cut5 hoi1 ngien2,Next year
後年,後年,heu4 ngien2,The year after next year
大後年,大後年,tai4 heu4 ngien2,Two years after next year
今天,今日,gim1 ngit5,Today
昨天,暫暋日,cam4 min1 ngit5,Yesterday
前天,前日,cien2 ngit5,The day before yesterday
大前天,大前日,tai4 cien2 ngit5,Two days before yesterday
明天,晨朝日,sin1 zau1 ngit5,Tomorrow
後天,後日,heu4 ngit5,The day after tomorrow
大後天,大後日,tai4 heu4 ngit5,Two days after tomorrow
次日,第二日,ti4 ngi4 ngit5,Next day
每天,日日,ngit5 ngit5,Everyday
日子(時日),日子,ngit5 zu1,Day
(幾個)小時,鐘頭,zung1 teu2,Hour
(幾)點,點鐘,diam3 zung1,O’clock
黎明(日出前),天光,tien1 gong1,Dawn
早晨(泛指),朝晨頭,zau1 sin2 teu2,Early morning
上午,上晝,song4 ziu4,Morning
中午,晏晝,an4 ziu4,Noon
下午,下晝,ha1 ziu4,Afternoon
傍晚,斷暗,ton1 am4,Dusk
白天,日辰頭,ngit5 sin2 teu2,Daytime
夜裏(睡靜後),夜晚辰,ya4 man1 sin2,Night
晚上(掌燈至入睡前),晚辰頭,man1 sin2 teu2,Evening
整天,成日,sang2 ngit5,Whole day
天亮了,天光,tien1 gong1,Daybreak
天黑了,斷暗,ton1 am4,(The day is) getting dark
月初,月頭,ngiet6 teu2,Beginning of the month
月底,月尾,ngiet6 mui1,At the end of the month
從前,早下,zau3 ha4,Before In the past
現在,今下,gin1 ha4,Now
現在,今下,gin1 la4,Now
起初,開頭,hoi1 teu2,At the beginning
後來,跟尾,gen4 mui1,Later
後來,黏尾,ngiam2 mui1,Later
最後,包尾,bau1 mui1,At last
剛才,正先,cang4 sien1,A moment ago
大年初一,正年初一,cang1 ngiet6 co1 yit5,The first day of Chinese Lunar New Year
端午節,五月節,ng1 ngiet6 ziet5,Dragon Boat Festival
中秋節,八月十五,bat5 ngiet6 sip6 ng3,Mid-Autumn Festival
中秋節,八月半,bat5 ngiet6 ban4,Mid-Autumn Festival
重陽節,重陽,cung2 yong2,The Double Ninth Festival
除夕,年三十晚,ngien2 sam1 sip6 man1,Chinese New Year's Eve
曆書,通書,tung1 su1,Almanac
一輩子,一世,yit5 se4,A whole life
前世,前世,cien2 se4,Previous life
後世,轉世,zon3 se4,Next life
一會兒,一陣間,yit5 cin4 gan1,A while
一會兒,陣時間,cin4 si2 gan1,A while
瞬間,攝下眼,ngiap5 ha4 ngan3,A moment
(什麼)時候,時途,si2 tu2,(What) time
水田,水田,sui3 tien2,Paddy field
旱地,旱地,hon1 ti4,Dry land
田埂,田塍壆,tien2 sun2 bok5,Field ridge
土坎兒,墩頭,dun1 teu2,Mound
種田,耕田,gang1 tien2,Farm(v.)
拔秧,扯秧,ca3 yong1,Pull up the seedling (from the nursery)
插秧,蒔田,si4 tien2,Transplant rice seedlings (into irrigated field)
耘田,耘田,vun2 tien2,Plough(v) furrow
割稻,割禾,got5 vo2,Reap the paddy
脫粒,拌禾,pan1 vo2,Thresh
稻草,禾稈草,vo2 gon3 cau3,Straw
稻茬兒,禾稈頭,vo2 gon3 teu2,The bottom of the paddy stalk
撒(草木灰),敥,yam4,Scatter
漚肥(漚制肥料),漚肥,eu4 pui2,Fermentation of organic fertilizer
鋤頭,钁鋤,giok5 co2,Hoe
(鋤頭)把,柄,biang4,Hoe handle
鐵鍬,鐵鏟,tiet5 can3,Shovel
鎬(挖土用),釘鋤,dang1 co2,Pick(n.)
鎬(挖土用),番釘,fan1 dang1,Pick(n.)
鐮刀(割禾用),禾鐮,vo2 liam2,Sickle (for reaping)
鐮刀(割草用),鐮刀,liam2 dau1,Sickle (for cutting grass)
柴刀,柴刀,cai2 dau1,Chopper for chopping wood
犁,犁,lai2,Plough(n.)
耙,耙,pa2,Harrow
水車(車水用),水車,sui3 ca1,Watermill for irrigation
風車(風穀用),風櫃,fung1 kui4,Windmill to get rid of empty paddy corns
打穀桶,拌桶,pan1 tung3,Threshing bucket
畚箕(畚穀用),簸箕,boi4 gi1,A shallow container for winnowing seeds
畚箕(畚垃圾用),畚臿,bun4 cap5,Dust pan (for scooping the trash)
土箕(挑土用),糞箕,bun4 gi1,Dust pan (for scooping the soil)
穀籮(盛穀用),籮,lo2,A large bamboo basket for keeping the paddy-rice
篩子,篩,si1,Sieve
磨(磨麵粉用),磨,mo4,Grind
礱(磨穀脫殼用),礱磨,lung2 mo4,Handmill
碓(統稱),碓,doi4,A tool for pounding rice
碓臼,碓坎,doi4 ham3,The rice pounding hole
碓杵,碓頭,doi4 teu2,Pestle
碾子(大小有無區別),碾子,lien4 zu3,Stone roller
石滾(壓地，打場用),石碌,sak6 luk5,Grindwheel (for pressing the ground)
曬穀場,禾庭,vo2 tang2,Grain-sunning ground
曬穀簟,穀笪,guk5 dat5,Grain-sunning container
扁擔,擔竿,dam4 gon1,Shoulder pole
繩子,索嫲,sok5 ma2,Rope
打樁,打樁,da3 zong1,Pound (strike on something continuously)
楔子,楔仔,siap5 zai3,Chock
(趕牛的)竹枝,竹檳子,zuk5 bin1 zai3,Bamboo lash
種麥子,點麥,diam4 mak6,Plant the wheat
(種子)出芽,暴芽,bau4 nga2,sprout
(種子)出芽,吥芽,but6 nga2,sprout
放牛,掌牛,zong3 ngiu2,Herding (the cow)
打柴,剁柴,dok6 cai2,Cutting firewood
趕集,投墟,teu2 hi1,Going to market place
去城裏,出墟,cut5 hi1,Go to the city
(用網)捕魚,網魚,miong3 ng2,Catch fish with net
(用手)捕魚,捉魚,zuk5 ng2,Catch fish by hand
築壩(攔河而築),作陂頭,zok5 bi1 teu2,Building dam
築堤(沿河而築),作河壆,zok5 ho2 bok5,Building bank
抽乾水塘,乾塘,gon1 tong2,Pump out the pond
戽水,戽水,fu4 sui3,(The action of) bailing out water
碾米,絞米,gau3 mi3,Grind the rice
菜園,菜園,coi4 yen2,Vegetable garden
種菜,種菜,zung4 coi4,Plant the vegetable
澆菜,淋菜,lim2 coi2,Water the vegetable
剖魚,劏魚,tong1 ng2,Kill fish (for cooking)
殺雞,劏雞,tong1 gai1,Kill chicken (for cooking)
宰豬,劏豬,tong1 zu1,Kill pig (for meat)
養雞,養雞,yong1 gai1,Raise chicken
養豬,養豬,yong1 zu1,Raise pigs
幹活,做東西,zo4 dung1 si1,Work
幹活,做事,zo4 se4,Work
買米,打米,da3 mi3,Buy the rice
買肉,買肉,mai1 ngiuk5,Buy the meat
淘米,洗米,se3 mi1,Wash the rice
做飯,煮飯,zu3 fan4,Cook
燜飯,燜飯,mun1 fan4,Stew rice
做菜,煮菜,zu3 coi4,Making dishes
(細火)炆,炆,mun1,Braise with slow fire
(清水)煮,煠,sap6,Boil
煲湯,煲順,bau1 sun4,Make soup
汆湯,淥順,luk5 sun4,Quick-boil soup
(湯)溢(出),湓,pun2,Spill over
涮碗,洗碗,se3 von3,Wash the dishes
擦(桌子),抹,mat5,Clean (the table)
收拾,撿,giam3,Tidy up
供養,養,yong1,Support (the old with money)
看家,掌屋,zong3 vuk5,Watch the door
縫(衣服),聯,lien2,Sew
漂洗(衣服),洗衫,se3 sam1,Rinse
晾乾,晾燥,lang2 zau1,Air dry
釘(被子),聯,lien2,Sew the quilt
釘(扣子),聯,lien2,Sew the button
繞(毛線),縈,yang1,Wind the wool
燒(開水),煮,zu3,Boil the water
灌(開水),入,ngip6,pouring (boiled water from kettle to thermos)
燙(傷),淥,luk6,Scald
失火,火燭,fo3 zuk5,Catch fire
失火,火燒屋,fo3 sau1 vuk5,Catch fire
(火)滅了,烏,vu2,Crush out
使勁(拉),出力,cut5 lit6,Pull furiously
安裝(鋤柄),斣,deu4,Install
修理(傢具),整,zin3,Repair (furniture)
修理(收音機),整,zin3,Repair (radio)
撿漏,撿瓦背,giam3 nga3 boi4,Check and mend the roof
揀(菜),擇,tok6,Trim vegetables for cooking
攢(錢),存,sun2,Save money
焙(尿布),炕,kong4,Dry the diaper over the fire
(用煙)熏(肉),熏,hiun1,Fume(the meat)
(用鹽)醃(肉),醃,yap5,Pickle (the meat)
(把開水)攤涼,攤,tang1,letting boiled water cool down naturally
稻子(整株植物),禾,vo2,Paddy
稻穀(脫粒後的穀子),穀,guk5,Grain
穀穗,禾串,vo2 con4,Ear of rice
秕穀,泛穀,pang4 guk5,Blasted grains
大米,米,mi3,Rice (grains)
糯米,糯米,lo4 mi3,Sticky rice
粳米,粘米,zam1 mi3,Rice
麥子,麥,mak6,Wheat
小米,狗尾粟,geu3 mui1 suk5,Millet
玉米,包粟,bau1 suk5,Maize
高粱,高粱粟,gau1 liong2 suk5,Sorghum
黃豆,黃豆,vong2 teu4,Soybean
豌豆,荷蘭豆,ho2 lan1 teu4,Snow pea
蠶豆,蠶豆,cam2 teu4,Broad bean
芝麻,油麻,yiu2 ma2,Sesame
豇豆,豆角,teu4 gok5,Cowpea
扁豆,刀豆,dau1 teu4,Haircot bean
紅薯,番薯,fan1 su2,Sweet potato
土豆,荷蘭薯,ho2 lan1 su2,Potato
土豆,薯仔,su2 zai3,Potato
花生,地豆,ti4 teu4,Peanut
花生米,地豆米,ti4 teu4 mi3,Peanut kernel
蘑菇,菇,gu1,Mushroom
板粟(大者),風栗,fung1 lit6,Chestnut (big)
毛粟(較小),粟子,lit6 zu3,Chestnut (small)
甘蔗,蔗,za4,Sugar cane
蔬菜,青菜,ciang1 coi4,Vegetable
菠菜,角菜,gok5 coi4,Spinach
洋白菜,黃芽白,vong2 nga2 pak6,Cabbage
茄子,矮瓜,ai3 ga1,Eggplant
絲瓜,絲瓜,se1 ga1,Sponge gourd
南瓜,金瓜,gim1 ga1,Pumpkin
冬瓜,冬瓜,dung1 ga1,Wax gourd
黃瓜,黃瓜,vong2 ga1,Cucumber
西紅柿,番茄,fan1 kio2,Tomato
蘿蔔,蘿蔔,lo2 pet6,Radish
胡蘿蔔,紅蘿蔔,fung2 lo2 pet6,Carrot
辣椒,辣椒,lat6 ziau1,Chili pepper
蕹菜,蕹菜,vung4 coi4,Water spinach
韭菜,韭菜,giu3 coi4,Chives
莧菜,莧菜,han4 coi4,Chinese spinach
芥菜,芥菜,gai4 coi4,Leaf mustard
芹菜,芹菜,kiun2 coi4,Celery
芫荽,芫荽,yen2 sui1,Chinese parsley
萵苣,脈菜,mak5 coi4,"Lettuce,Garland chrysanthemum"
木耳菜,潺菜,can2 coi4,Malabar Spinach Ceylon spinach
慈姑,牙姑,nga2 gu1,Chinese arrowhead
藕,蓮藕,lien2 leu1,Lotus root
荸薺,馬蹄,ma1 tai2,Chinese water chestnut
菱角,菱角,lin2 gok5,Water chestnut
蔥,蔥仔,cung1 zai3,"Spring onion, Shallot"
大蒜(整株),蒜仔,son4 zai3,Garlic (the whole plant)
蒜薹,蒜苗,son4 miau2,Garlic sprout
蒜頭(塊莖),蒜頭,son4 teu2,Garlic
薤,蕎頭,kiau1 teu2,Scallion
薑(塊莖),薑嫲,giong1 ma2,Ginger
(茶葉)梗,梗,gang3,Stalk
菜薹,菜心,coi4 sim1,Sprout of cabbage
菜(整株),菜,coi4,Vegetable including leaves and stalk
菜根(細根),菜根,coi4 gin1,Rootof the vegetable
菜秧(菜苗，供移栽),菜秧,coi4 yong1,Vegetable Seedling (for transplant)
浮萍,薸仔,piau2 zai3,Duckweed
水果(概稱),生果,sang1 go3,Fruit
桃兒(果),桃仔,tau2 zai3,Peach
杏兒(果),杏,hen4,Apricot
李子(果),李仔,li3 zai3,Plum prune
柿子(果),腍柿,lem2 se2,Persimmon
石榴,石榴,sak6 liu2,Pomegranate
梨(果),梨,li2,Pear
橘子(果),橘仔,git5 zai3,"Mandarin, tangerine"
橘子(果),柑仔,gam1 zai3,"Mandarin, tangerine"
柳丁(果),橙仔,zang2 zai3,Orange
柚子(果),碌仔,luk5 zai3,Pomelo
梅子(果),梅仔,moi2 zai3,Chinese plum
葡萄(果),葡萄子,pu2 tau2 zu3,Grape
櫻桃(果),櫻桃,yin1 tau2,Cherry
橄欖(果),欖,lam3,Olive
棗兒(果),紅棗,fung2 zau3,Date (fruit)
核桃(果),合桃,hap6 tau2,Walnut
山楂,山渣,san1 za1,Hawthorn
香蕉(果),牙蕉,nga2 ziau1,Banana
荔枝(果),荔果,lai1 go3,Lychee
龍眼(果),龍眼,lung2 ngan3,Longan
西瓜,西瓜,si1 ga1,Water melon
芽兒,筍,sun3,Bud
(果)核兒,核,fut6,Seed
(果)皮兒,皮,pi2,Peel
花兒,花,fa1,Flower
梅花,梅花,moi2 fa1,Chinese Plum blossom
杏花,杏花,hen4 fa1,Apricot blossom
桃花,桃花,tau2 fa1,Peach blossom
荷花,蓮花,lien2 fa1,Lotus flower
睡蓮,蓮花,lien2 fa1,Waterlily
桂花,桂花,gui4 fa1,Osmanthus flowers
杜鵑花,杜鵑花,tu4 gien1 fa1,Azalea
蘭花,蘭花,lan2 fa1,Orchid
雞蛋花,雞蛋花,gai1 tan4 fa1,Plumeria
茉莉花,茉莉花,mat6 li4 fa1,Jasmine
白蘭花,白玉蘭,pak6 ngiuk6 lan2,Gardenia
金銀花,手巾絮,siu3 gin1 sui1,Honeysuckle
菊花,菊花,kiuk5 fa1,Chrysanthemum
向日葵,向日葵,hiong4 ngit5 kui2,Sunflower
棉花,棉花,mien2 fa1,Cotton
槐樹,槐樹,fai2 su4,Pagoda tree
楓樹,楓樹,fung1 su4,Maple
楝樹,苦楝樹,fu3 lien4 su4,Azedarach tree
白千層,千重皮,cien1 cung2 pi2,Melaleuca
柳樹,柳樹,liu3 su4,Willow
桑樹,桑仔樹,song1 zai3 su4,Mulberry tree
桑葚兒,桑仔,song1 zai3,Mulberry
榕樹,榕樹,yung2 su4,Banyan tree
烏桕樹,烏桕樹,vu1 kiu1 su4,Chinese Tallow Tree
銀杏樹,白果樹,pak6 go3 su4,Gingo tree
梧桐樹,梧桐樹,ng2 tung2 su4,Chinese Parasol tree
茶樹(葉制茶),茶樹,ca2 su4,Tea plant
油茶樹,油茶樹,yiu2 ca2 su4,Camellia tree
棕櫚,棕櫚樹,zung1 li1 su4,Palm tree
樟樹,樟樹,zong1 su4,Camphor tree
竹子(小),竹,zuk5,Bamboo
毛竹(大),車桐竹,ca1 tung2 zuk5,Maso Bamboo (Phyllostachys)
竹根,竹根,zuk5 gin1,Root of bamboo
竹衣,竹衣,zuk5 yi1,Bamboo leaf and stalk
竹筍,竹筍,zuk5 sun3,Bamboo shoot
竹篾,篾仔,met6 zai3,Bamboo splint
茅草,書友草,su1 yiu1 cau3,Cogongrass
蕨,榔箕,long1 gi1,Fern
青苔,溜苔,liu1 toi2,Moss
蘆葦,蘆茅,lu2 mau2,Reed
艾,艾,ngioi4,Mugwort
樹枝,樹桍,su4 ka1,Branch
樹梢,樹尾,su4 mui1,Treetop
樹樁,樹頭,su4 teu2,Stump
樹葉,樹葉,su4 yap6,Leaf
粽葉,裹粽葉,go3 zung4 yap6,Leaf for rice dumpling
(樹上的)刺,竻,let5,Thorn
杉樹,杉樹,cam4 su4,Fir
柏樹,柏樹,pak5 su4,Cypress
松樹,松樹,cung2 su4,Pine
松球,松雞角,cung2 gai1 gok5,Pine cone
松針,松毛,cung2 mau1,Pine leaf
松明子,松光仁,cung2 gong1 yin2,Pine oil
橡膠(原料),樹膠,su4 gau1,Latex (for making rubber)
木頭,木頭,muk5 teu2,Wood
牲畜(概稱),頭牲,teu2 sang1,Animals
水牛,水牛,sui3 ngiu2,Buffalo
黃牛,黃牛,vong2 ngiu2,Yellow cattle
公牛,牛牯,ngiu2 gu1,Bull
母牛,牛嫲,ngiu2 ma2,Cow
牛犢,牛仔,ngiu2 zai3,Calf
牛角,牛角,ngiu2 gok5,Horns of the cattle
蹄子,蹄,tai2,Hoof
(牛用角)頂,吥,but5,Cattle fighting with horns
羊,羊,yong2,Sheep
公羊,羊牯,yong2 gu3,Ram
母羊,羊嫲,yong2 ma2,Ewe
羊羔,羊仔,yong2 zai2,Lamb
豬,豬,zu1,Pig
公豬,豬牯,zu1 gu3,Boar
種豬,豬家,zu1 ga1,Breeder boar
母豬,豬嫲,zu1 ma2,Sow
閹豬(被閹割的豬),肉豬,ngiuk5 zu1,Hog
小豬,豬仔,zu1 zai3,Piglets
(豬)下仔,養豬仔,yong1 zu1 zai3,To give birth to a pig
(豬、牛)交配,走水,zeu3 sui3,Mating (of animals)
狗,狗,geu3,Dog
公狗,狗牯,geu3 gu3,Male dog
母狗,狗嫲,geu3 ma2,Bitch
母狗,沒生養過的狗牸,mat6 sang1 yong1 go4 dit5 geu3 ci4,Bitch
(狗)叫,吠,poi4,(Dog) barks
貓,貓,miau4,Cat
公貓,貓牯,miau4 gu3,Tomcat
母貓,貓嫲,miau4 ma2,Female cat
母貓,沒生養過的貓牸,mat6 sang1 yong1 go4 dit5 miau4 ci4,Female cat
(貓)尋偶晚上號叫,貓起群,miau4 hi3 kiun2,(Cats) howl (for mating)
公雞,雞公,gai1 gung1,Rooster
母雞,雞嫲,gai1 ma2,Hen
母雞,雞僆,gai1 lon4,Young Hen (hasn't had kids)
閹雞,閹雞,yam1 gai1,Castrated chicken
小雞,雞仔,gai1 zai3,Chicken
菢窩母雞,賴伏雞嫲,lai4 pu4 gai1 ma2,Broody hen
雞蛋,雞春,gai1 cun1,Chicken Egg
雞胗,雞胗,gai1 kin1,Chicken’s gizzard
(雞)下蛋,生春,sang1 cun1,Lay an egg
孵(小雞),伏,pu4,Incubate (chicken)
(雞)翻(食物),蹣,pan2,(Hen) rummaging food by claw
(雞)翻(食物),抄,cau4,(Hen) rummaging food by claw (alt.)
(雞)翻(食物),跒,kia4,(Hen) rummaging food by claw (alt.)
(公雞)叫,啼,tai2,(Rooster) Crowing
(雞)啄(米)(拾食),啄,duk5,Peck (the rice)
(雞)啄(蜈蚣)(啄咬),噹,diong1,Peck and eat
(雞)交配,打踏,da3 tap6,Mating copulation (of chicken)
鵝,鵝,ngo2,Goose
鴨子,鴨,ap5,Duck
野獸,野性,ya1 sin4,Wild animal
老虎,老虎,lau4 fu3,Tiger
獅子,獅子,su1 zu3,Lion
豹子,豹,bau4,Leopard
狼,狼,long2,Wolf
狐狸,狐狸,fu2 li2,Fox
猴子,猴哥,heu2 go1,Monkey
猴子,馬騮,ma1 liu1,Monkey
鹿,鹿,luk6,Deer
兔子,兔仔,tu4 zai3,Rabbit
老鼠,老鼠,lau4 cu3,Mouse
鳥,鳥仔,diau1 zai3,Bird
麻雀,禾鷝子,vo2 bit5 zai3,Sparrow
喜鵲,鴉鵲,a1 siak5,Magpie
烏鴉,老鴉,lau3 a1,Crow
大雁,雁鵝,ngan4 ngo2,Wild goose
老鷹,鷂婆,yau4 po2,Eagle
老鷹,牙鷹,nga2 yin1,Eagle
貓頭鷹,貓頭鳥,miau4 teu2 diau1,Owl
燕子,燕仔,yen4 zai3,Swallow (name of a bird)
蝙蝠,蝠婆,pit6 po2,Bat
蝙蝠,蚊鼠,mun1 cu3,Bat
鴿子,月鴿,ngiet6 gap5,Dove
鴿子,白鴿,pak6 gap5,Dove
八哥,鷯哥,liau4 go1,Myna
(鳥)蛋,春,cun1,Egg (of a bird)
(鳥)窩,竇,deu4,Nest
翅膀,翼,yit6,Wing
尾巴,尾,mui1,Tail
搖(尾巴),揈,vin4,Waving the tail
爪子,腳爪,giok5 zau3,Claw
蜘蛛,蝲蜞,la2 kia2,Spider
螞蟻,蟻公,li1 gung1,Ant
螞蟻,蟻子,li1 zu3,Ant
蚯蚓,蟲蚿,cung2 hien3,Earthworm
蜈蚣,蜈蚣蟲,ng2 gung1 cung2,Centipede
蚰蜒(似蜈蚣，無毒),硬殼蟲,ngang4 hok5 cung2,House centipede (non-poisonous)
壁虎,壁蛇,biak5 sa2,House lizard
蒼蠅,鳥蠅,vu1 yin2,Fly
牛虻(黃色，似蒼蠅),牛鳥蠅,ngiu2 vu1 yin2,Gadbee
(蒼蠅)叮,摟,leu1,(A Fly) Eating
蚊子,蚊,mun1,Mosquito
蠓蟲,齧仔,ngat5 zai3,Midge
(蚊子)叮,叼,diau1,(Mosquito) Bite
臭蟲,乾蜱,gon1 bi1,Bedbug
跳蚤,狗虱,geu3 sit5,Flea
蝨子,虱嫲,sit5 ma2,Louse
蟑螂,黃曱,vong2 cat6,Cockroach
蜻蜓,黃蜊,vong2 li1,Dragonfly
蟬,知焱,zi1 yam4,Cicada
蝴蝶,蝴蝶,fu2 tiap5,Butterfly
螳螂,豹虎哥,bau4 fu3 go1,Mantis
蚱蜢,蜢公,mang3 gung1,Grasshopper
螢火蟲,火焰蟲,fo3 yam4 cung2,Firefly
蜜蜂,蜜仔,mit6 zai3,Honeybee
黃蜂,禾蜂,vo2 fung1,Wasp
(蜂)窩,竇,deu4,Beehive
(蜂)蜇,叼,diau1,Sting
蟋蟀,草織,cau3 git5,Cricket
蝌蚪,鯰哥仔,ngiam4 go1 zai3,Tadpole
青蛙(青皮田蛙),蛤蟆,ha2 ma2,Frog
癩蛤蟆,蟾蜍,kiem2 su2,Toad
蠶,蠶蟲,cam2 cung2,Silkworm
烏龜,烏龜,vu1 gui1,Tortoise
鱉,腳魚,giok5 ng2,Soft-shelled turtle
蝦,蝦公,ha2 gung1,Shrimp
泥鰍,湖鰍,fu2 ciu1,Loach
蛇,蛇哥,sa2 go1,Snake
螞蝗,湖蜞,fu2 ki2,Leech
蚌,蚌,pong1,Clam
蝸牛(有殼),吔螺蟲,ye2 lo2 cung2,Snail
蛞蝓(無殼),冷蜞,lang1 ki2,Slug
螃蟹,老蟹,lau4 hai3,Crab
螺螄(小，殼硬),石螺,sak6 lo2,"A sharp spiral snail (with hardshell, small)"
田螺(大，殼薄),田螺,tien2 lo2,"Field snail (with soft shell, bigger)"
鱔魚,黃鱔,vong2 sien1,Eel
鯉魚,鯉嫲,li1 ma2,Carp
鯽魚,鯽魚,zit5 ng2,Crucian carp
(魚)鱗,鱗,lin1,Scale (offish)
(魚)卵,春,cun1,(Fish) spawn
家(住處),屋下,vuk5 ka1,Home
房子(整座),屋,vuk5,House
蓋(房子),起,hi3,Build (a house)
打房基,挑地腳,tiau1 ti4 giok5,Build the foundation of a house
築牆(用板夯築土牆),舂籬,zung1 li2,Make the wall (traditionally)
磚,磚,zon1,Brick
斷磚,磚碌,zon1 luk5,The broken brick
土坯(未經燒制土磚),泥磚,lai2 zon1,Adobe (brick not yet baked in the kilns)
瓦(整塊),瓦,nga1,Tile
瓦片(碎片),瓦析,nga3 sit5,The broken tile
梁,樑,liong2,Beam
上樑(架房梁),上樑,song3 liong2,The ceremony of putting the beam up to the roof
椽子,桁,hang2,Rafter
屋簷,屋簷,vuk5 yam2,Eave
柱子,柱,cu1,Pillar
柱石,柱躉,cu1 dun3,Cornerstone
房間,間肚,gan1 du3,Room
廳,正廳,zin4 tiang1,Hall
廂房,偏廳,pien1 tiang1,Wing-room
天井,天井,tien1 ziang3,Courtyard inside of a house
院子,坪,piang2,Yard
墻,墻,siong2,Wall
墻,壁頭,biak5 teu2,Wall
砌(墻),結,giet5,Laying bricks (to build a wall)
窗戶,窗門,cung1 mun2,Window
門,門,mun2,Door
側門,側門,zet5 mun2,Wing-door
門檻兒,門檻,mun2 kiam1,Door stop
門鎖,門搭,mun2 dap5,Door catch
門鎖,門弄,mun2 lung4,Door catch
曬臺(樓頂曬物平臺),天棚,tien1 pang2,A plain roof (to dry clothes)
欄杆,欄河,lan2 ho2,Handrail
台階,石級,sak6 gap5,Steps
樓梯(大，固定),樓梯,leu2 toi1,Stairs
梯子(可移動),陡梯,deu3 toi1,Ladder
水井,井,ziang3,Well
廚房,灶下,zau4 ha1,Kitchen
廚房,廚房,cu2 fong2,Kitchen
煙囪,煙囪銜,yen1 cung1 ham2,Chimney
砌灶,打灶頭,da3 zau4 teu2,Making a terrene kitchen stove
廁所,屎坑,si3 hang1,Toilet
廁所,廁所,ci4 so3,Toilet
角落,角落頭,gok5 lok6 teu2,Corner
窟窿,窿空,lung2 kung1,Hole
縫兒,坼,cak5,Aperture
雞窩(生蛋處),雞竇,gai1 deu4,Hen coop
雞籠(棲息處),雞籠【可移動】,gai1 lung1,Chicken cage (for raising)
雞籠(棲息處),雞塒【固定】,gai1 zi4,Chicken cage (for raising)
豬圈,豬欄,zu1 lan2,Pigpen
牛欄,牛欄,ngiu2 lan2,Bullpen
傢具,傢俬,ga1 su1,Furniture
桌子,桌頭,zok5 teu2,Table
椅子(統稱),交椅,gau4 yi3,Chair
凳子(統稱),凳,den4,Stool
長條板凳,條凳,ban3 den4,Bench
書桌,書桌,su1 zok5,Desk
櫃子(臥式，有掀蓋),櫃,kui4,Cupboard (with one door on top)
櫥子(立式，有拉門),櫥,cu2,Cabinet (closet)
抽屜,拖箱,to1 siong1,Drawer
箱子,箱,siong1,Box
床,眠床,min2 cong2,Bed
竹席,竹席,zuk5 ciak6,Bamboo mat
草席,草席,zau3 ciak6,Straw mat
被子,被,pi1,Quilt
褥子,褥,yuk6,Mattress
毯子,氈,zien1,Blanket
枕頭,枕頭,zim3 teu2,Pillow
毛線,冷線,lang1 sien1,Wool
蚊帳,蚊帳,min1 zong4,Mosquito net (for the bed)
窗簾,窗簾,cung1 liam2,Curtain
臉盆,面盆,mien4 pun2,Washing basin
毛巾,手巾,siu3 gin1,Towel
肥皂,番鹼,fan1 gan3,Soap
鏡子,鏡,giang4,Mirror
梳子,梳仔,so1 zai3,Comb
牙刷,牙刷,nga2 sot5,Toothbrush
牙刷,牙擦,nga2 cat5,Toothbrush
牙膏,牙膏,nga2 gau1,Toothpaste
水舀子,勺嫲,sok6 ma2,Ladle
水瓢(葫蘆製),葫蘆杓,pu2 lu2 sok6,Gourd ladle
洗衣槌,擂搥,lui2 cui2,Mallet for clothe washing
大缸,缸,gong1,Vat
水缸,水缸,sui3 gong1,Water vat
罈子(大肚小口),埕,cin2,Crock
缽子,缽頭,bat5 teu2,Big bowl
罐子,罌哥,ang1 go1,Jar
瓶子(玻璃製),樽,zun1,Bottle
(瓶)塞子,卒,zut5,Stopper (plug)
茶碗(飲茶用，有蓋有托盤),茶盅,ca2 zung1,Teabowl
茶杯,杯,bui1,Teacup
碗,碗,von3,Bowl
水壼(燒開水用),沸水壼,bui4 sui3 fu2,Kettle
茶壼(泡茶用),茶壼,ca2 fu2,Teapot
暖水瓶,暖壼,lon1 fu2,Thermos
調羹,調羹,ci2 gang1,Spoon
(飯)勺兒,飯勺,fan4 sok6,Scoop
筷子,筷子,kai4 zu3,Chopsticks
柴火(統稱),柴,cai2,Firewood
煤,煤,moi2,Coal
木炭,火炭,fo3 tan4,Charcoal
火灰,火灰,fo3 foi1,Ash
火籠(單人烤火用),爐墩,lu2 dun3,A small burner for keeping warm in winter
火箱(多人烤火用),火桶,fo3 tung3,A bigger burner for keeping warm in winter
爐子,火爐,fo3 lu2,Stove
生火,起火,hi3 fo3,Make a fire
鍋,鑊頭,vok6 teu2,Pan
鍋蓋,鑊蓋,vok6 goi4,Pot cover
鍋鏟,鍋鏟,vok6 can3,Pancake turner
鍋堙子(鍋背的煙灰),鍋癆,vok6 lau1,Ash on the under-side of iron pan
砧板,砧板,ziem1 ban3,Chopping block
菜刀,刀嫲,dau2 ma2,Chopper
蒸籠,蒸籠,zin1 lung2,Bamboo steamer
甑,飯甑,fan4 zen4,Urn
筲箕,筲箕,sau4 gi1,Bamboo basket for washing rice
笊籬,撈箕,lau2 gi1,Bamboo basket for frying
炊帚,鑊掃,vok6 sau4,A tiny broom to kitchen to sweep the hearth
抹布,桌帕,zok5 pa4,Dish cloth
火柴,火柴,fo3 cai2,Match
旱煙袋,煙筒,yen1 tung2,Tabacco pouch
水煙袋,水煙筒,sui3 yen1 tung2,Shisha pouch (for water-pipe smoking)
手電筒,電筒,tien4 tung2,"Flashlight, electric torch"
電燈,電火,tien4 fo3,Light
蠟蠋,蠟蠋,lap6 zuk5,Candle
汽油,電油,tien4 yiu2,Petrol
煤油,火水,fo3 sui3,Kerosene
馬桶,尿桶,ngiau4 tung3,Commode
尿桶(擔糞用，無蓋),尿桶,ngiau4 tung3,Urine barrel
糞勺,尿角,ngiau4 gok5,Dung ladle
痰盂,痰筒,tam2 tung2,Spittoon
打水桶,吊桶,diau4 tung3,Bucket for getting water from well
鈅匙,鎖匙,so3 si2,Key
鎖,鎖頭,so3 teu2,Lock
蓑衣,蓑衣,so1 yi1,Straw raincoat
斗笠,笠嫲,lip5 ma2,Bamboo split hat
扇子(統稱),扇,sien4,Fan
雨傘,遮,za1,Umbrella
笤帚(小),掃杆,sau4 gon3,"Broom (small, usually made of broom corn)"
掃帚(大),掃把,sau4 ba3,"Broom (big, made of bamboo branches)"
簸箕(簸穀用),簸箕,boi4 gi1,Dustpan (to get rid of blighted grain)
團箕(曬谷米用，較大),簸箕,boi4 gi1,Dustpan (for grains to dry under the sun)
竹竿,竹篙,zuk5 gau1,Bamboo pole
曬衣篙,竹篙,zuk5 gau1,Pole for pegging the clothes to dry
竹叉(架曬衣篙用),丫叉,a1 ca1,Bamboo fork to support the pole
衣叉(叉取衣服用),丫叉仔,a1 ca1 zai3,Clothes rack
拐杖,拐掍,gai3 gun4,Crutch
笱(一種竹制捕魚器),罍仔,lui3 zai3,A bamboo trap for fishing
釣魚竿,釣檳,diau4 bin1,Fish pole
工具,傢生,ga1 sang1,Tool
錘子,錘仔,cui2 zai3,Hammer
錐子,鉆仔,zon4 zai3,"Bodkin, borer"
斧子,斧頭,bu3 teu2,Axe
鉗子,鉗仔,kiam2 zai3,Pincers
鑷子,鉗仔,kiam2 zai3,Forceps
鑿子,鑿仔,cok6 zai3,Chisel
鋸,鋸仔,gi4 zai3,Saw
銼刀,銼刀,co4 tau2,Rasp
鉆(木匠鉆眼工具),鉆仔,zon4 zai3,Drill
鉋子,刨仔,pau2 zai3,Plane (A hand plane is a tool for shaping wood using muscle power)
鉤子,鉤仔,geu1 zai3,Saw hook
釘子,鐵釘,tiet5 dang1,Nail
剪刀,剪刀,zien3 dau1,Scissors
針,針,zim1,Needle
頂針兒,頂指,din3 zi3,Thimble
線,線,sien4,Thread
縫紉機,衣車,yi1 ca1,Sewing machine
(器物)底部,叾,duk5,Bottom
(器物)邊緣,邊唇,bien1 sun2,Brim
(器物)裂縫兒,坼,cak5,Crack
痕跡(器皿上的印跡),影,yang4,Mark
(傢具)開裂,開坼,hoi1 cak5,Split
衣服,衫褲,sam1 fu4,Clothes
買布,剪布,zien3 bu4,Buy the cloth
黑布,烏布,vu1 bu4,Black cloth
剪(布),剪,zien3,Cut (cloth)
試(衣服),試,ci4,Try on (clothes)
上衣,面衫,mien4 sam1,Coat
襯衫,恤衫,sut6 sam1,Shirt
汗衫(貼身衣),底衫,dai3 sam1,Underwear
棉襖,襖婆,au3 po2,Wadded cotton jacket
夾襖,背搭,boi4 dap5,Lined jacket
大衣(棉衣，較長),大褸,tai4 leu1,Overvoat
毛衣,冷衫,lang1 sam1,Sweater
(被子)面子,面,mien4,Quilt/Duvet cover
(被子)裏子,被肉,pi1 ngiuk5,Quilt inner/Duvet insert
背心,背心,boi4 sim1,Jacket
褲子,褲,fu4,Trousers
短褲,短褲,don3 fu4,Pants
褲腿,褲腳,fu4 giok5,Trousers legs
褲襠(褲子襠部),褲襠,fu4 long4,Crotch of trousers
開襠褲,開襠褲,hoi1 long4 fu4,Trousers without crotch (for baby)
滿襠褲,密襠褲,mit6 long4 fu4,Trousers with crotch
裙子,裙,kiun2,Skirt
袖子,衫袖,sam1 ciu4,Sleeve
領子,衫領,sam1 liang1,Collar
(衣服)皺(了),縐,ziu4,Crease
(衣服)破(了),爛,lan4,Ragged
(衣服)口袋,衫袋,sam1 toi4,Pocket
子母扣,啪扭,bak6 leu3,Snap Fastener
紐扣,紐仔,leu3 zai3,Button
別針,結針,giet5 zim1,Brooch
帽子,帽仔,mau4 zai3,Hat
草帽,草帽,cau3 mau4,Straw hat
鞋,鞋,hai2,Shoes
拖鞋,拖鞋,to1 hai3,Slippers
木拖鞋,屐,kiak6,Clogs
雨鞋,水鞋,sui3 hai2,Rain boots
鞋墊兒,鞋底,hai2 dai3,Insole
靴子,靴,hio1,Boots
襪子,襪,mat5,Socks
手套,手襪,siu3 mat5,Gloves
手絹兒,手巾仔,siu3 gin1 zai3,Handkerchief
(繩)結兒,結,giet5,Knot
圍巾,頸巾,giang3 gin1,Scarf
圍嘴兒,口水枷,heu3 sui3 ga1,Pinafore/Bib
圍裙(做活兒用圍布),圍裙,vui2 sin1,Apron
兜肚,肚搭,du3 dap5,An undergarment to cover chest and abdomen
尿布,尿片,ngiau4 pien4,Diaper
熨斗,燙斗,tong4 deu3,Iron
餓(了),肚胈餓,du3 pat6 ngo4,Hungry
米飯,飯,fan4,Rice (cooked)
麵粉,麵粉,mien4 fun3,Flour
面條,麵,mien4,Noodle
糠,糠,hong1,Bran
剩飯,舊飯,kiu4 fan4,Rice left over
(飯)餿(了),餿,seu1,(Rice)Turning sour
剩(了飯),盈,yin4,(The food) left over
米湯,粥飲,zuk5 yim3,Rice soup
粥,粥,zuk5,Congee
鍋巴,飯癩,fan4 lat5,Rice crust
吃飯,食飯,sit6 fan4,Eat
口渴,渴,hot5,Thirsty
喝(水),食茶,sit6 ca2,Drink
喝酒,食酒,sit6 ziu3,Drink wine
米酒,米酒,mi3 ziu3,Rice wine
白酒,燒酒,sau1 ziu3,Spirit
黃酒,黃酒,vong2 ziu3,Yellow rice wine
酒釀(糯米酒),糯米酒,lo4 mi3 ziu3,Spirit brewed by sticky rice
米酒汁,酒娘,ziu3 ngiong2,Rice wine juice
米酒渣,糟嫲,zau1 ma2,Rice wine grains
茶(茶液),茶葉茶,ca2 yap6 ca2,Tea
香煙,煙仔,yen1 zai3,Cigarette
抽煙,食煙,sit6 yen1,Smoke
煙灰,煙灰,yen1 foi1,Cigarette ash
早飯,朝,zau1,Breakfast
吃早飯,食朝,sit6 zau1,Have breakfast
午飯,晝,ziu4,Lunch
吃午飯,食晝,sit6 ziu4,Have lunch
晚飯,夜,ya4,Dinner
吃晚飯,食夜,sit6 ya4,Have dinner
盛飯,舀飯,yau3 fan4,To fill a bowl with rice
豬肉,豬肉,zu1 ngiuk5,Pork
瘦肉,瘦肉,seu4 ngiuk5,Lean meat
瘦肉,精豬肉,ziang1 zu1 ngiuk5,Lean meat
臘肉,臘肉,lap6 ngiuk5,(Chinese) Bacon
菜(佐飯統稱),菜,coi4,(Food) Dish
葷菜,葷,fun1,Meat dishes
素菜,齋,zai1,Vegetarian dishes
湯,順,sun4,Soup
豬腳(前後腳有無別),豬蹄,zu1 tai2,Pig trotter
豬肝,豬肝,zu1 gon1,Pig’s liver
豬舌頭,豬舌嫲,zu1 set6 ma2,Pig’s tongue
豬血,豬紅,zu1 fung2,Blood of pig
豬血,豬旺,zu1 vong4,Blood of pig
(雞)下水(雞內雜),下水,ha4 sui3,Internal organs of chicken
夾菜,夾菜,gap5 coi4,Pick up food with chopsticks
(用湯)泡飯,淘飯,tau2 fan4,drowning the rice in soup
撥(飯菜),減,gam3,Poke the rice into another bowl
(飯)糊(了),燶,lung1,Scorched
豆腐乾,豆腐乾,teu4 fu4 gon1,Pot-stewed bean curd
豆腐,豆腐,teu4 fu4,Bean curd
豆腐腦兒,豆腐花,teu4 fu4 fa1,Bean curd jelly
豆腐乳,豆腐霉,teu4 fu4 moi1,Soy cheese
粉絲,萊絲仔,loi2 su1 zai3,Glass noodle
(用菜)下酒,傍,bong3,(use something) go with the wine
(吃)飽(了),飽,bau3,(Stomach) Full
打飽嗝,打胲約,da3 goi1 yok5,Belch because of too full
打飽嗝,轉嗉,zon3 sio4,Belch because of too full
打嗝,打呃督,da3 et6 duk6,Belch
冰淇淋,雪糕,siet5 gau2,Ice-cream
冰混兒,雪條,siet5 tiau2,Popsicle (ice-sucker)
饅頭,饅頭,man2 teu2,Steamed bread
包子,包仔,bau1 zai3,Stuffed bun
餃子,餃子,gau3 zu3,Dumpling
餛飩,雲吞,vun2 tun1,Wonton
(餃子)餡兒,餡,ham4,Stuffing
湯圓,雪丸板,siet5 yen2 ban3,Sweet dumpling
湯圓,糖丸,tong2 yen2,Sweet dumpling
餈粑,餈粑,ci2 ba1,Sticky rice cake
粽子,裹粽,go3 zung4,Rice dumpling
零食,小口,siau3 heu3,Snack
(餅乾)渣兒,碎,sui4,Crumb
點心,茶果,ca2 go3,Refreshments
點心,點心,diam3 sim1,Refreshments
夜宵,宵夜,siau1 ya4,Night snacks
作料,配料,pui4 liau4,Seasoning
醋,醋,cu4,Vinegar
鹽,鹽,yam2,Salt
豬油,豬油,zu1 yiu2,Lard
芝麻油,麻油,ma2 yiu2,Sesame oil
紅糖,黃糖,vong2 tong2,Brown sugar
白糖,白糖,pak6 tong2,White sugar
糖果,麻糖,ma2 tong2,Candy
糖果,糖仔,tong2 zai3,Candy
醬油,豉油,si4 yiu2,Soy Sauce
(醬油)殘汁,腳,giok5,Juice stains
蜂蜜,蜜糖,mit6 tong2,Honey
塊頭（人身架大小）,身魁,sin1 foi1,Stature
頭,頭那,teu2 la1,Head
光頭,光頭,gong1 teu2,Bald
頭髮,頭那毛,teu2 la1 mau1,Hair
頭髮旋兒,旋,con4,Headswirl
辮子,毛辮仔,mau1 bien1 zai3,"Braid, pigtail"
髮(頭髮盤成的結),髻,gi4,Hair worn in a bun or coil
頭屑,頭鱗,teu2 lin1,Dandruff
頭屑,頭皮,teu2 pi2,Dandruff
臉,面,mien4,Cheek Face
酒窩兒,酒凹,ziu3 ngiap5,Dimple
前額,額門頭,ngiak5 mun2 teu2,Forehead
太陽穴,梅子罌,moi2 zu1 ang1,Temple (of the skull)
囟門,腦囟,lau3 sim4,Fontanel
眼睛,眼,ngan3,Eye
眼珠,眼珠仁,ngan3 zu1 yin2,Eyeball
眼淚,眼汁,ngan3 zip5,Tears (from the eyes)
睫毛,目睡毛,muk5 soi4 mau1,Eyelash
眉毛,眼眉毛,ngan3 mi2 mau1,Eyebrow
鼻子,鼻公,pi4 gung1,Nose
鼻孔,鼻窿,pi4 lung1,Nares
鼻涕,鼻膿,pi4 lung2,Snot
擤鼻(涕),擤鼻膿,sen4 pi4 lung2,Blow the nose
鼻屎,鼻屎,pi4 si3,Nasal secretion
耳朵,耳公,ngi3 gung1,Ear
耳屎,耳屎,ngi3 si3,Cerumen
嘴,嘴角,zoi3 gok5,Mouth
嘴唇,嘴唇,zoi4 sun2,Lips
舌頭,舌嫲,set6 ma2,Tongue
牙齒,牙,nga2,Tooth
臼齒,大牙,tai4 nga2,Molar tooth
齙牙,暴牙,pau4 nga2,Buck tooth
齒齦,牙床肉,nga2 cong1 ngiuk5,Gum
牙垢,牙黃,nga2 vong2,Tartar of tooth
鬍子,鬚牯,si1 gu3,Beard
下巴,頦啱下,goi1 ngam1 ha1,Chin
口水(清，無色),口水,heu3 sui3,Saliva
唾沫(白色),口水,heu3 sui3,Spit
喉嚨,喉連,heu2 lien2,Throat
嗓子,聲,sang1,Throat (the voice)
脖子,頸,giang3,Neck
肩膀,肩頭,gien1 teu2,Shoulder
胸脯,心肝頭,sim1 gon1 teu2,Chest
背,背樑,boi4 long2,Back
肋骨,肋梗仔,lak6 gang1 zai3,Rib
光膀子,打赤膊,da3 cak5 bok5,Upper part of body naked
胳膊,手臂,siu3 bi3,Arm
胳膊肘,手踭,siu3 zang1,Elbow
手腕,脈門,mak5 mun2,Wrist
手,手,siu3,Hand
左手,左手,zo3 siu3,Left hand
右手,右手,yiu4 siu3,Right hand
手掌,手巴掌,siu3 ba1 zong3,Palm
拳頭,拳頭牯,kien2 teu2 gu3,Fist
手指,手指仔,siu3 zi3 zai3,Finger
大拇指,手指公,siu3 zi3 gung1,Thumb
小拇指,臘尾指,lap6 mui1 zi3,Little finger
指甲,手指甲,siu3 zi3 gap5,Nail
鬥(指紋),腡,lo2,Whorl (shape of finger print)
簸箕(指紋),箕,gi1,Loop (shape of finger print)
趼子,繭,gan3,Callus
腋下,肋坼下,lak6 cak5 ha1,Armpit
乳房,嬭姑,len4 gu1,Bosom
乳頭,嬭頭,len4 teu2,Nipple
乳汁,嬭水,len4 sui3,Breast Milk
肚子,肚胈,du3 pat6,Belly
肚臍,肚臍,du3 ci2,Bellybutton
屁股,屎窟臀,si3 fut5 tun2,Buttocks
肛門,屎窟門,si3 fut5 mun2,Anus
光屁股,打脧鳥,da3 zoi1 diau1,Naked buttocks
胯襠(生了瘡)（腿胯）,髀罅,bi3 la4,Crotch
胯下（腿胯之下）,褲襠下,fu4 long4 ha1,The space between thighs
男陰,卵,lin3,Penis
陰囊,春袋,cun1 toi4,Scrotum
睪丸,核卵,hak6 lon3,Testes
精液,卵屎,lin3 si3,Semen
赤子陰,脧,zoi1,Penis of small boy
女陰,支屄,zi1 biet5,Cunt
交合,屌,diau3,Have sex
日常口頭襌(髒字眼兒),屌,diau3,Fuck
腿(整條腿),腳,giok5,Leg
大腿,大髀,tai4 bi3,Thigh
小腿,腳,giok5,Lowerleg
膝蓋,膝頭,cit5 teu2,Knee
腿肚子,腳囊肚,giok5 lang2 du3,Shank muscle
踝骨,腳眼仁,giok5 ngan3 yin2,Ankle
腳,腳,giok5,Foot
腳跟,腳踭,giok5 zang1,Heel
腳趾,腳趾,giok5 zi3,Toe
腳掌,腳盤,giok5 pan2,Sole
腳心,腳板心,giok5 ban3 sim1,Feet arch
腳印,腳跡,giok5 ziak5,Footprint
泥垢(皮膚上的污垢),㿸,man4,Dirt
男人,老哥,lau3 go1,Man
女人,婦娘,bu1 ngiong2,Woman
老人,老人家,lau3 ngin2,Old person
老頭兒,老伯頭,lau3 bak5 teu2,Old man
老太婆,老婆頭,lau3 po2 teu2,Old woman
年輕人(男女統稱),後生,heu4 sang1,The youth
姑娘,妹仔,moi4 zai3,"Girl, Young lady"
小夥子,後生仔,heu4 sang1 zai3,"Boy, young man"
小孩兒(統稱),僬仔,ziau2 zai3,Child
男孩兒,老弟仔,lau3 tai1 zai3,Small boy
女孩兒,妹仔,moi4 zai3,Small girl
城裏人,城市人,sang2 si4 ngin2,City dwellers
鄉下人,鄉下人,hiong1 ha4 ngin2,"Rustic,countryfolk"
單身漢,單身哥,dan1 sin1 go1,Bachelor
老姑娘,老姑婆,lau3 gu1 po2,Oldmaid
寡婦,守寡婆,siu3 ga3 po2,Widow
孤兒,冇爺冇娭,mau2 ya2 mau2 oi1,Orphan
孤兒,孤兒,gu1 yi2,Orphan
獨眼兒,單眼,dan1 ngan3,Single-eyed One-eyed
眯縫眼,眯眼,mi1 ngan3,Slit eyes
金魚眼,爆眼,bau4 ngan3,Bloated eyes
對眼兒,對眼,dui4 ngan3,Cross-eyes
瞎子,盲公,mang2 gung1,Blind
聾子,聾公,lung1 gung1,Deaf
啞巴,啞佬,a3 lau3,Dumb
結巴,大舌頭,tai4 set6 teu2,Stammer
結巴,結佬,giet5 lau3,Stammer
豁嘴兒,缺嘴,kiet6 zoi4,Harelip
豁牙,缺牙,kiet5 nga2,Broken teeth
歪脖子,側頭仔,zet5 teu2 zai3,Wry neck
左撇子,左手仔,zo3 siu3 zai3,Left-handed
羅圈腿,鴨嫲蹄,ap5 ma2 tai2,Bow legs
胖子,肥佬,pui2 lau3,Fat guy
高個兒,高佬,gau1 lau3,Tallman
獠牙,爆牙,bau4 nga2,Tusk
麻子,班支,ban1 zi1,Pock-marks
瘌痢頭,瘌痢頭,lat6 li2 teu2,A head covered with favus
六指,六指,luk5 zi3,A hand with six fingers
駝子,駝背佬,to2 boi4 lau3,Crook back
愛哭的人,叫包,giau4 bau2,Someone who is easy to cry
瘋子,懵佬,mung3 lau3,Sycle
瘸子,跛佬,bai1 lau3,Gimp
傻瓜,傻佬,so2 lau3,"Fool, idiot"
騙子,撮仔,cot5 zai3,Swindler
小偷,賊佬,cet6 lau3,Thief
強盜,賊佬,cet6 lau3,Bandit
乞丐,攞食佬,lo3 sit5 lau3,Beggar
情夫,契家佬,ke4 ga1 lau3,Cicisbeo (lover of a married woman)
情婦,契家婆,ke4 ga1 po2,Mistress (lover of a married man)
偷漢,佮人,gap5 ngin2,Affairs of a married woman
妓女,老妓嫲,lau3 gi3 ma2,Prostitute
內行,在行,cai4 hong2,Expert
外行,唔在行,m1 cai4 hong2,Layman
廚師,伙頭,fo3 teu2,Cook
農民,耕田佬,gang1 tien2 lau3,Farmer peasant
木匠,鬥木佬,dau4 muk5 lau35,Carpenter
木匠,木匠,muk5 siong4,Carpenter
鐵匠,打鐵佬,da3 tiet5 lau3,Blacksmith
醫生,醫生,yi1 sang1,Doctor
理髮師,剃頭佬,tai4 teu2 lau3,Barber
泥瓦匠,泥水匠,lai2 sui3 siong4,Mason
商人,生理佬,sen1 li1 lau3,Businessman
陌生人,生保人,sang1 bau3 ngin2,Stranger
客人,人客,ngin2 hak5,Guest
有脾氣,有性,yiu1 siang4,Have a temper
(脾氣)壞,臭,ciu4,Bad (temper)
小氣,小相,siau3 siong4,Stingy
小氣,歪,vai1,Stingy
大方,大方,tai4 fong1,Generous
大方,捨得,sa3 det5,Generous
能幹,叻,liak6,Capable
能幹,能替【專指小孩】,len2 tai4,Capable
勤快,勤力,kin2 lit6,Diligent
懶,懶,lan1,Lazy
節儉,慳儉,han1 kiam4,Thrifty
聰明,叻,liak6,Briliant
精,精,ziang1,Smart
爽快,爽直,song3 cit6,Frank
笨,蠢,cun3,Stupid
殘忍,梟,hiau1,Brutal
蠻橫,牛王,ngiu2 vong2,Peremptory
刻薄,刻簿,ket5 pok6,Harsh
奸詐,奸,gan1,Tricky
陰險,陰毒,yim1 tuk6,Insidious
促狹(愛捉弄人),蠱惑,gu3 vak6,Crafty
善良,好心,hau3 sim1,Kind
老實,老實,lau3 sit6,Honest
不吭氣,唔聲,m1 sang1,Speechless
害羞,畏羞,vui4 siu1,Shy
可憐,可憐,ko3 lien2,Piteous
年輕,後生,heu4 sang1,Young
漂亮,靚,liang4,Beautiful
難看,醜,ciu3,Ugly
整齊,齊整,ce2 zin1,Orderly
整齊,就亼,ciu4 zip6,Orderly
邋遢,累贅,lui4 zui4,Sluttery
邋遢,囉嗦,lo4 so4,Sluttery
乖,聽話,tang4 va4,Well-behaved
淘氣,頑皮,ngan2 pi2,Naughty
執拗,硬頸,ngang4 giang3,Stubborn
(年紀)小,細,se4,Young
偷懶,偷懶,teu1 lan1,Be lazy
磨蹭,磨嗦,mo4 so4,Dawdle
猾頭,奸,gan1,Cunning
耍賴,賴死,lai4 si3,Pester
下流,下流,ha4 liu2,Obscene
無恥,唔愛面,m1 oi4 mien4,Infamous
說謊,講大話,gong3 tai4 va4,Tell a lie
裝傻,詐懵,za4 mung3,Act the fool
顯(故意讓人看),映,yang3,Flaunt
父親(對稱),阿爸,a1 ba1,Dad
父親(指稱),阿爸,a1 ba1,Father
母親(對稱),阿媽,a1 ma1,Mom
母親(指稱),阿咪,a1 mi1,Mother
父母,阿咪阿爸,a1 mi1 a1 ba1,Parents
父母,爺娘,ya2 ngiong2,Parents
父母,爺哀,ya2 oi1,Parents
祖父,阿公,a1 gung1,Grandpa (father’s father)
祖母,阿婆,a1 po2,Grandma (father’s mother)
曾祖父,公太,gung1 tai4,Great grandfather
曾祖母,婆太,po2 tai4,Great grandmother
外祖父,姐公,zia3 gung1,Grandpa(mum’s father)
外祖母,姐婆,zia3 po2,Grandma(mum’s mother)
伯父,阿伯,a1 bak5,Uncle (father’s elder brother)
伯母,阿娘,a1 ngiong2,Wife of father’s elder brother
叔父,阿叔,a1 suk5,Uncle (father’s younger brother)
嬸母,叔姆,suk5 me1,Wife of father’s younger brother
姑父,姑丈,gu1 cong1,the husband of father’s sister
姑父,姑爺,gu1 ya2,the husband of father’s sister
姑母,大姑【長】,tai4 gu1,Aunt (farther’s sister)
姑母,姑仔【幼】,gu1 zai3,Aunt (farther’s sister)
姨父,姨丈,yi2 cong1,the busband of mother’s sister
姨母,大姨【長】,tai4 yi2,Aunt (mother’s sister)
姨母,姨仔【幼】,yi2 zai3,Aunt (mother’s sister)
舅父,大舅【長】,tai4 kiu1,Uncle(mother’s brother)
舅父,舅仔【幼】,kiu1 zai3,Uncle(mother’s brother)
舅母,大舅娘【長】,tai4 kiu1 ngiong2,the wife of mother’s brother
舅母,舅娘仔【幼】,kiu1 ngiong2 zai3,the wife of mother’s brother
哥哥(對),阿哥,a1 go1,Face-to-face address to elder brother
哥哥(指),阿哥,a1 go1,Elder brother
嫂子,阿嫂,a1 sau3,the wife of elder brother
姐姐,阿姐,a1 zia3,Elder sister
姐夫,姐夫,zia3 fu1,the husband of elder sister
弟弟,老弟,lau3 tai1,Younger brother
妹妹,老妹,lau3 moi4,Younger sister
妹夫,老妹婿,lau3 moi4 se4,husband of younger sister
大伯子(夫兄),大伯爺,tai4 bak5 ya2,husband’s elder brother
小叔子(夫弟),叔仔,suk5 zai3,husband’s younger brother
大姑子,大姑,dai4 gu1,the elder sister of husband
大姨子,大姨,tai4 yi2,Sister-in-law (wife’s elder sister)
小姨子,姨仔,yi2 zai3,wife’s younger sister
大舅子(妻兄),大舅,tai4 kiu1,wife’s elder brother
小舅子(妻弟),舅仔,kiu1 zai3,wife’s younger brother
連襟,老襟,lau1 kim1,the husbands of sisters
妯娌,子嫂,zu3 sau3,the wives of brothers
丈夫,老公,lau3 gung1,Husband
妻子,老婆,lau3 po2,Wife
岳父,丈人佬,cong1 ngin1 lau3,Father-in-law (wife’s father)
岳母,丈人婆,cong1 ngin1 po2,Mother-in-law (wife’s mother)
公公,家官,ga1 gon1,husband’s father
婆婆,家娘,ga1 ngiong2,husband’s mother
親家,且姆,cia1 me1,Parents-in-law
繼父,繼父爺,ge4 fu1 ya2,Step father
繼母,後娭,heu4 oi1,Step mother
乾爹,契爺,ke4 ya2,Adopted father
乾媽,契媽,ke4 ma2,Adopted mother
兒女,子女,zu3 ng3,Children
兒子,賴子,lai4 zu1,Son
最小的兒子,滿仔,man1 zai3,Youngest son
兒媳,心臼,sim1 kiu1,Daughter-in-law
女兒,妹子,moi4 zu1,Daughter
最小的女兒,滿女,man1 ng3,Youngest daughter
女婿,婿郎,se4 long2,daughter’s husband
孫子,孫仔,sun1 zai3,Grandson (son’s son)
孫女,孫女,sun1 ng3,Granddaughter (son’s daughter)
重孫,息子,sit5 zu3,Great grandson
外孫,外孫,ngoi4 sun1,Daughter’s son
外孫女,外孫女,ngoi4 sun1 ng3,Daughter’s daughter
外甥,外甥,ngoi2 sang1,(Man’s address to his) Sister’s son
外甥女,外甥女,ngoi2 sang1 ng3,(Man’s address to his) Sister’sdaughter
侄子,侄仔,cit5 zu3,Nephew (Brother’s son)
侄女,侄女,cit5 ngi3,Niece (Brother’s daughter)
父子倆,兩子爺,liong3 zu3 ya2,Father and son
夫妻倆,兩公婆,liong3 gung1 po2,Husband and wife
兄弟,兄弟,hiung1 ti4,Brothers
姐妹,姊妹,zi3 moi4,Sisters
兄弟倆,兩兄弟,liong3 hiung1 ti4,Elder brother and younger brother
姐妹倆,兩姊妹,liong3 zi3 moi4,Elder sister and younger sister
兄妹倆,兩姊妹,liong3 zi3 moi4,Elder brother and younger sister
姐弟倆,兩姊妹,liong3 zi3 moi4,Elder sister and younger brother
堂兄弟,叔伯兄弟,suk5 bak5 hiung1 ti4,Cousins (the sons of two brothers)
表姐妹,表姊妹,biau3 zi3 moi4,Cousins (the daughters of sisters)
親戚,親戚,cin1 cit5,Relatives
輩份,字輩,su4 bui4,Seniority in the family
小名,花名,fa1 miang2,Pet name
綽號,花名,fa1 miang2,Nick name
說親,做媒人,zo4 moi2 ngin2,Match-making
媒人,媒人婆,moi2 ngin2 po2,Matchmaker
訂婚,定婚,tin4 fun1,To be engaged
娶妻,娶老婆,ci3 lau3 po2,"Have a wife, Marry a women"
嫁人,嫁老公,ga4 lau3 gung1,"Have a husband, Marry a man"
娶兒媳婦,娶心臼,ci3 sim1 kiu1,Get a daughter-in-law
招贅(招婿上門),招郎入舍,zau1 long2 ngip5 sa4,Get a son-in-law (to live with wife’s parents)
新郎,新娘公,sin1 long2 gung1,Bridegroom
新娘,新娘,sin1 ngiong2,Bride
辦酒席,做酒,zo4 ziu3,Hold a banquet
赴宴,食酒,sit6 ziu3,Attend a banquet
娘家,妹家,moi4 ga1,Parent’s home (of a married women)
再嫁,番嫁,fan1 ga4,Remarry a man
再嫁,番頭嫁,fan1 teu2 ga4,Remarry a man
續弦,再娶,cai4 ci3,Remarry a woman
懷孕,大肚胈,tai4 du3 pat6,Be pregnant
害喜(妊娠反應),發子,bot5 zu3,Pregnancy reaction
流產,損身,sun3 sin1,"Miscarriage, Abortion"
孕婦,大肚婆,tai4 du3 po2,Pregnant woman
臨盆,打斗,da3 deu3,About to give birth to a baby
生孩子,養阿伢,yong1 o1 nga2,Give birth to a child
難產,養唔出,yong1 m1 cut5,"Dystocia, Difficult labour"
接生,接生,ziap5 sang1,Deliver a child
胎盤,胞衣,bau1 yi1,Placenta
雙胞胎,孖仔,ma1 zai3,Twins
嬰兒,阿伢,o1 nga2,Infant
坐月子,做月,zo4 ngiet6,Confinement in childbirth
餵奶,供嬭,giung4 len4,Breast-feed
喂飯,飼飯,ci3 fan4,Spoon feed
奶嘴,嬭嘴,len4 zui3,Nipple of a feeding bottle
把尿,兜尿,deu1 ngiau4,Hold a child to urinate
尿床,瀨尿,lai2 ngiau4,Bed-wetting
擦屁股,擯屎,bin3 si3,Wipe the buttocks
夭折,短命,don3 miang4,Die at young age
上吊,吊頸,diau4 giang3,Suicide by hanging oneself
投河,投河,teu2 ho2,Suicide by jumping into the river
病死了,病死嗨,piang4 si3 hoi1,Die of illness
去世,過身,go4 sin1,Die
去世,老嗨,lau3 hoi1,Die
辦喪事,做白事,zo4 pak6 su4,Hold a funeral
棺材,棺材,gon1 coi2,Coffin
入殮,入殮,ngip6 liam1,Encoffin
出殯,送葬,sung4 zong4,Funeral
下葬,埋,mai2,Bury
紙錢,溪錢,kai1 cien2,Paper currency for offering to the dead
抬棺人,棺材佬,gon1 coi2 lau3,The people who carry the coffin
鞭炮,爆仗,bau4 cong4,Firecracker
墳,墳頭,fun2 teu2,Grave
墓碑,碑石,bi1 sak6,Gravestone
上墳,掛山,ga4 san1,Visit the grave
生病,病嗨,piang4 hoi1,Be sick
難受,難頂,lan2 din3,Uncomfortable
發燒,發燒,fat5 sau1,Have a fever
發冷,發冷,bot5 lang1,Be chilly
發呆,發呆,fat5 ngoi2,Be stupefied
打冷戰,打陣冥,da3 cin3 min3,Be shivery
感冒,傷風,song1 fung1,Catch a cold
瘧疾,發大冷,bot5 tai4 lang1,Malaria
發抖,吃吃震,git6 git6 zun1,Shiver
哮喘,發呷,bot5 hap5,Asthma
咳嗽,凵,kiem3,Cough
著涼,冷倒,lang1 dau3,Catch cold
中暑,發痧,bot5 sa1,Heat stroke
上火,熱氣,ngiet6 hi4,Have excessive internal heating the body
惡心,作嘔,zok5 eu1,Nausea
便秘,屙屎唔出,o1 si3 m1 cut5,Constipation
拉肚子,肚胈屙,du3 pat6 o1,Diarrhea
不消化,唔消化,m1 siau1 fa4,Apepsia
頭暈,頭那暈,teu2 la1 vin2,Dizzy
嘔吐,嘔,eu3,Vomit
(肚子)疼,痛,tung4,Pain
抽筋,抽筋,ciu4 gin1,Have a cramp
(小兒)驚風,著驚,cok6 giang1,Infantile convulsion
收驚,喊同年,ham4 tung2 ngien2,A superstitious way to cure infantile convulsion
出麻疹,出麻仔,cut5 ma2 zai3,Have measle
癲癇,發死,bot5 si3,Epilepsy
中風,發癱風,bot5 tan1 fung1,"Apoplexy, paralysis"
肺結核,發癆嗽,bot5 lau2 seu1,"Pulmonary tuber-culosis, Phthisic"
肝病,發黃腫,bot5 vong2 zung3,"Hepatopathy, Jaundice"
癤子,發痤仔,bot5 coi2 zai3,Furuncle
痱子,熱痱,ngiet5 mui3,Prickly heat
粉刺,長球,zong3 kiu2,Pimple
化膿,貢膿,gung4 lung2,Fester
痂,庀,pi3,Scab (n.)
結痂,結庀,giet5 pi3,Scab (v.)
疤,疤,ba1,Scar
痣,痣,zi4,Nevus (mole)
狐臭,狐忽臊,fu2 fit6 sau1,Armpit odour
疝氣,大核卵,tai4 hak6 lon3,Hernia
雀斑,烏蠅屎,vu1 yin2 si3,Flecker
雞皮疙瘩,雞嫲皮,gai1 ma2 pi2,Gooseflesh (keratosis pilaris)
(蚊蟲叮的)包,蚊伏,mun1 puk6,Bump
(蚊蟲叮的)包,蚊膀,mun1 pong2,Bump
夜盲,發雞盲,bot5 gai1 mang2,Night blindness
痲瘋,痲瘋,ma2 fung1,Leprosy
傳染,迣人,ce4 ngin2,Infect
扭傷,拉倒,lai3 dau3,Wrench
突然坐著跌在地上,打扽坐,da3 dun4 co1,Fall suddenly sitting on the ground
(皮膚)皸裂,爆趼公,bau4 gien1 gung1,Chap (the skin is too dry and chapped)
(嗓子)嘶啞,啞,a3,Hoarse
治病,看病,gon4 piang4,See the doctor
號脈,打脈,da3 mak5,Feel pulse
中藥,中藥,zung1 yok6,Traditional Chinese medicine
處方,藥單,yok6 dan1,Medical Perscription
買藥,撿藥,giam3 yok6,Buy the medicine
藥丸,丸仔,yen2 zai3,Pill
藥粉,藥粉,yok6 fun3,Medicine in form of powder
熬藥,煲涼茶,bau1 liong2 ca2,Decoct medicinal herbs
湯藥,茶,ca2,Tisane
見效,見功,gien4 gung1,Take effect
(睡)醒了,睡醒,soi4 siang3,Wake up
起床,亢身,hong4 sin1,Get up
疊(被子),疊,tiap6,Fold up the quilt
穿(衣服),著,zok5,Put on (clothes)
洗臉,洗面,se3 mien4,Wash face
梳頭,梳頭,so1 teu2,Comb the hair
紮(辮子),拼,pin1,Tie a braid
刮(鬍子),剃,tai4,Shave
理髮,剃頭,tai4 teu2,Hairdressing
上工,做工,zo4 gung1,go to work
(來)晚(了),遲,ci2,Be late
收工,收工,siu1 gung1,Get off the work
累(了),攰,kioi4,Be tired
休息,敨,teu3,Have a rest
回家,轉屋下,zon3 vuk5 ka1,Go home
上(廁所),去,hi4,Go to the washroom
大便,屙屎,o1 si3,Shit(v)
小便,屙尿,o1 ngiau4,Urinate
放屁,打屁,da3 pi4,Break wind
洗澡,沖涼,cung1 liong2,Take a bath
擦澡,抹身,mat5 sin1,Rub onself down with a wet towel
乘涼,敨涼,teu3 liong2,Sit in the shade and enjoy the coolness
曬(太陽),曬一般,sai4 yit5 ban1,Bask in the sun
曬(太陽),炙冬天,zak5 dung1 tien1,Bask in the sun (alternative)
烤火,炙火,zak5 fo3,Warm oneself before the fire
聊天,講水古,gong3 sui3 gu1,Chat
打瞌睡,啄目睡,duk5 muk5 soi4,Doze
打個盹兒,眯一下,mi1 yit5 ha4,Have a nap
打哈欠,擘囉,mak5 lo4,Yawn
打噴嚏,打哈嗤,da3 at6 ci4,Sneeze
鋪床,迒眠床,hong2 min2 cong2,Make the bed
躺下,眠下,min2 ha1,Lie down
睡覺,睡目,soi3 muk5,Sleep
熄燈,烏燈,vu1 den1,Turn off the light
睡著(了),睡落覺,soi4 lok5 gau4,Fall asleep
做夢,發夢,bot5 mung4,Have dream
說夢話,講夢話,gong3 mung4 va4,Talk in one’s sleep
失眠,睡唔落覺,soi4 m1 lok5 gau4,Sleepless
打鼾,扯鼻鼾,ca3 pi4 hon2,Snore
仰面睡,挺挺仰睡,ten3 ten3 ngong1 soi4,Sleep face up
側身睡,打側睡,da3 zet5 soi4,Lie down on one side
扒著睡,罯罯伏,am3 am3 puk5,Sleep face down
落枕,失枕,sip5 zim3,Stiff neck
學校,學堂,hok6 tong2,School
啟蒙,破學,po4 hok6,Enlighten
上學,去學堂,hi4 hok6 tong2,Go to school
上學,返學,fan1 hok6,Go to school
放學,放學,fong4 hok6,After school
書,書,su1,Book
本子,簿仔,pu1 zai3,Notebook
老師,教書先生,gau1 su1 sin1 sang1,Teacher
學生,學生,hok5 sang1,Student
第一名,頭名,teu2 miang2,"Number 1, champion"
最後一名,第尾,ti4 mui1,The last one
毛筆,毛筆,mau1 bit5,Brush pen
鋼筆,水筆,sui3 bit5,Fountain pen
鉛筆,鉛筆,yen2 bit5,Pencil
筆套兒,筆筒套,bit5 tung2 tau4,Pen cover
紙,紙,zi3,Paper
圖釘,撳釘,kim4 dang1,Thumb pin (thumb tack)
信封,信筒,sin4 tung2,Envelope
信紙,信肉,sim4 ngiuk5,Letter pad
漿糊,漿糊,ziong1 fu2,Paste
小刀兒,刀仔,dau1 zai3,Knife
削(鉛筆),砒,pai1,Sharpen
尺,尺,cak5,Ruler
橡皮擦,擦紙膠,cat5 zi3 gau1,Eraser
橡皮筋,橡筋,siong4 gin1,"Elastic, rubber bands"
台硯,墨湖,met6 fu2,Ink-stone
墨,墨,met6,Chinese ink
墨汁,墨汁,met6 zip5,Prepared Chinese ink
墨水,墨水,met5 sui3,Ink
掭(筆),蘸,ziam3,Dip (ink with brush pen)
洇(紙),漬,zi4,(Ink) spread and sink inpaper
草書,草,cau3,Cursive
(用筆)塗抹,塗,tu2,Daub (smear)
逃學,逃學,tau2 hok6,Skip the class
考試,考試,kau3 si4,Examination
罰站,徛堂,ki1 tong2,Stand as a punishment
圖章,印仔,yin4 zai3,Stamp (seal)
徽章,襟章,kim1 zong1,Badge
郵局,郵局,yiu2 kiuk6,Post office
郵票,郵票,yiu2 piau4,Stamp
相片,相片,siong4 pien4,Photo
電影,影畫戲,yang3 fa4 hi4,Film (movie)
電影,電影,tien4 yang3,Film (movie)
畫兒,畫,fa4,Picture
對聯,對,dui4,Spring couples
玩兒,聊,liau4,Play
球,波,bo1,Ball
踢足球,踢足球,tiak5 zuk5 kiu2,Play football
蕩鞦韆,打韆鞦,da3 cin1 ciu1,Play the swing
放風箏,放紙鷂,fong4 zi3 yau4,Fly a kite
講故事,講古仔,gong3 gu3 zai3,Tell a story
唱歌,唱歌,cong4 go1,Sing
哨子,銀雞,ngiun2 gai1,Whistle (n.)
吹口哨,打符繡,da3 fu2 siu4,Whistle (v.) with the mouth
簫,簫,siau1,vertical bamboo flute
吹笛子,吹笛,cui1 tiak6,Play flute
下棋,捉棋,zok5 ki2,Play chess
抓牌,摸牌,mo1 pai2,Play cards / Mahjong
游泳,游水,yiu2 sui3,Swim
潛水,沕水,mi4 sui3,Dive
打水漂,打水片,da3 sui3 pien3,Skip stone on the water
擺弄(玩具),搞,gau3,Play with (toy)
會武術,曉功夫,hiau3 gung1 fu1,Can play kung-fu
變魔術,撮把戲,cot5 ba3 hi4,Perform magic
翻跟鬥（斗？）,打翻車,da3 fan2 ca1,Somersault
掃堂腿,勾腳,giu1 giok5,Use leg to stumble someone (martial art)
捉迷藏,屏人子,biang4 ngin2 zu1,Hide-and-seek
撓癢癢,捻,liem1,Scratch an itch
跳房子,跳飛機,tiau4 fui1 gi1,Hopscotch
舞龍,舞龍,mu3 lung2,Dragon dance
拉二胡,拉二弦,lai1 ngi4 hien2,Play erhu (Chinese two-string fiddle)
放鞭炮,打爆仗,da3 bau4 cong4,Shoot off firecrackers
騎脖子,騎馬度,ki2 ma1 dok6,Ride on one’s shoulder
倒立,起種竹,hi3 zung4 zuk5,handstand
面具,鬼面殼,gui3 mien4 hok5,Mask
猜拳,猜枚,zai1 moi2,A finger-guessing game
抓鬮,拈鬮,ngiam1 kiu1,Lot
壓歲錢,磧年利市,zak5 ngien2 li4 si4,New Year lucky money
請客,擺酒,bai3 ziu3,"Treat or entertain guests, prepare a banquet"
送禮,搭人世,dap5 ngin2 se4,Send a gift
收禮,接禮,ziap5 li1,Receive a gift
感謝,多謝,do1 cia4,Thanks
稀客,生客,sang1 hak5,An infrequent visitor
請坐,請坐,ciang3 co1,Sit down please
講客氣,客氣,hak5 hi4,Be polite
斟(茶),退茶,tui4 ca2,Serve the tea
散(煙),派,pai4,Serve the cigarette
開始,開頭,hoi1 teu2,Start
入席,坐席,co1 cit6,Sit down to dinner
上菜,上菜,song1 coi4,Serve the dish
倒酒,倒酒,dau3 ziu3,Pour wine
乾杯,乾杯,gon1 bui1,"Cheers, drink a toast"
慢走,慢慢行,man4 man4 hang2,Go home slowly (a polite word similar to “Good-Bye”)
胡說,亂嗑,lon4 kap5,Nonsense
招待,招呼,zau1 fu1,Entertain
叩頭,拜,bai4,Kowtow
作揖,唱惹,cong4 ya1,bow with hands folded in front
風光,威風,vui1 fung1,Proudhearted
擺闊,擺面子,bai3 mien4 zu3,Flaunt one’s wealth
充好漢,充好漢,cung1 hau3 hon4,pose as a hero
丟臉,見笑,gien4 siau4,Lose face
受累,連累,lien2 lui4,Got involved in a trouble
難為你,難為你,lan2 vui2 ngi2,Make someone into trouble
(別)理(他),刮,gat5,(do not) rap to sombody
邀(伴兒),湊,ceu4,Invite
遇見(熟人),遇到,ngi4 dau3,Encounter
看望(病人),探,tam4,To visit the patient
說話,講話,gong3 va4,Speak
撇廣州話,講本地,gong3 bun3 ti4,Speak inCantonese
拍馬屁,捧大腳,bung3 tai4 giok5,Flatter
叮囑,吩咐,fun1 fu4,Warn or urge repeatedly
搭腔,搭嘴,dap5 zoi4,to Answer
插嘴,插嘴,cap5 zoi4,Break into a conversation
呵斥,喝,hot5,Scold
哄騙,撮,cot5,Lie to somebody
完蛋,死咯,si3 lo3,Over
數落,話,va4,scold sb. by enumerating his wrong-doings
(非粗話)罵人,罵人,ma4 ngin2,Scold
(用粗話)罵人,罵人,ma4 ngin2,"Verbal abuse,scold with foul words"
講汙穢話,講爛嘴,gong3 lan4 zoi4,Use abusive words
挨打(被打),分人打,bin1 ngin2 da3,Be beaten
吵架,吵交,cau2 gau1,Quarrel
打架,打交,da3 gau1,Fight
勸架,拆交,cak5 gau1,Mediate
護著(他),幫等,bong1 den3,On one’s side and defend him
給(他),分,bin1,Give (him something)
叫(他來),喊,hiem1,Ask (him to come)
行(應答),做得,zo4 det5,Okay
不錯,唔錯,m1 co4,Quite good
不准(去),唔准,m1 zun3,Not allowed to (go )
唆使,唆,so2,Instigate
頂撞,頂,din3,Contradict somebody
撩撥,撩,liau2,Make mischief between others
合(不來),佮,gap5,Get along with
遷就,就,ciu4,Accommodate someone
回老家,轉鄉下,zon3 hiong1 ha4,Go back hometown
走親戚,邏人客,la2 ngin2 hak5,Visit relatives
沒空兒,冇閒,mau2 han2,Have no time
沒空兒,唔得閒,m1 det5 han2,Have no time
有空兒,得閒,det5 han2,Have time
辦妥(了),辦好,pan4 hau3,Fix something up
辦妥(了),搞掂,gau3 tiam4,Fix something up
走運,行運,hang2 yun4,Have a good luck
倒楣,當衰,dong1 soi1,Have a bad luck
倒楣,行衰運,hang2 soi1 yun4,Have a bad luck (var.)
時興,興,hin1,In fashion
商店,鋪頭,pu4 teu2,Shop
飯館,茶居,ca2 gi1,Restaurant
飯館,飯店,fan4 diam4,Restaurant
旅館,客棧,hak5 can4,Hotel
擺攤兒,擺檔,bai3 dong4,Run a stand in the market
販子,小販,siau3 fan4,Vendor
(生意)旺,好,hau3,(business is) brisk
開張,開張,hoi1 zong1,Open business
盤點,盤點,pan2 diam3,Take and check stock
歇業,打快扒,da3 kai4 pa2,Close the shop
櫃台,櫃台,kui4 toi2,Counter
老闆,侍頭,si4 teu2,Boss
女老闆,侍頭婆,si4 teu2 po2,Female boss or boss’ wife
店員,伙記,fo2 gi4,Shopkeeper
師傅,師傅,su4 fu4,Master
徒弟,徒弟,tu2 ti4,Apprentice
顧客,客,hak5,Customer
還價,講價,gong3 ga4,Bargain
砍價,還價,van2 ga4,Cheapen the price during bargaining (bartering)
降價,跌價,det5 ga4,Price reduction
賒帳,賒,ca2,Buy goods on credit
欠帳,欠賬,kiam4 zong4,Be in debt
要帳,追帳,zui1 zong4,To collect bills overdue
算盤,算盤,son4 pan2,Abacus
秤,秤,cin4,Steelyard
戥子,厘秤,li2 cin4,smaller steelyard
開支,皮費,pi2 fui4,Expense
本錢,本錢,bun3 cien2,Capital for business
合夥,佮份,gap5 fun4,Construct a partnership
湊(錢),斂,liam1,Make a raise
弄(錢),斂,liam1,Manage to raise a fund
錢(概稱),錢,cien2,Money
紙幣,銀紙,ngiun2 zi3,Paper currency
硬幣,硬幣,ngan4 bi4,Coin
整錢,大紙,tai4 zi3,The bill before turning into changes
零錢,散紙,san3 zi3,Change
數(錢),數,su4,Count the cash
找(錢),找,zau3,Give the change
差(一角錢),爭,zang1,Short for (one cent)
利息,利,li4,Interest
掙(錢),賺,can4,Make (money)
虧本,蝕本,set5 bun3,Loss
值得,抵,dai3,Deserve to do
夠秤,夠秤,geu4 cin4,enough weight
不夠秤,唔夠秤,m1 geu4 cin4,Short weight
省(錢),慳,han1,Save money
合算,著數,cok6 su4,Worthwhile
不合算,唔著數,m1 cok6 su4,Unworthwihle
貴,貴,gui4,Expensive
便宜,平,piang2,Cheap
車站,車站,ca1 zam4,Station
碼頭,碼頭,ma1 teu2,Dock
橋,橋,kiau2,Bridge
街,街,gai1,Street
人行道,行人路,hang2 ngin2 lu4,Sidewalk
公路,馬路,ma1 lu4,Road
汽車,汽車,hi4 ca1,Automobile
小轎車,私家車,su1 ga1 ca1,Car
客車,客車,m1 bin1 gi2 hi4 gi1 he4 oi4 hi4,Coach
自行車,單車,dan1 ca1,Bike
人力車,人力車,ngin2 lit6 ca1,Rickshaw
三輪車,三輪車,san1 lin2 ca1,Pedicab
獨輪車,雞公車,gai1 gung1 ca1,Monocycle (wheelbarrow)
車輪子,輪,lin2,Wheel
輪船,火船,fo3 son2,Ship
帆船,帆船,fan2 son2,Sailboat
小船,船仔,son2 zai3,Small boat
汽艇,電船,tien4 son2,Motorboat
竹筏子,竹簰,zuk5 pai2,Bamboo raft
(船)滲水,漏水,leu4 sui3,(the boat) leak
飛機,飛機,fui1 gi1,Plane
乘客,搭客,dap5 hak5,Passenger
路費,水腳,sui3 giok5,Expenses of travelling
車票,車飛,ca1 fui1,Ticket
搭車,搭車,dap5 ca1,By bus
誤(車),宕,tong4,Miss the bus
暈車,暈車,vin2 ca1,Car-sick
座位,座位,co4 vui4,Seat
司機,司機,su1 gi1,Driver
開車,開車,hoi1 ca1,Drive
開車,揸車,za1 ca1,Drive
抬(頭),擔起,dam1 hi3,Raise (one’s head)
低(頭),墜低頭,cui4 dai1 teu2,Bow
點(頭),頷,ngam3,Nod
搖(頭),揈,vin4,Shake one’s head
偏(頭),側,zet5,Slant (the head)
仰(頭),仰,ngong1,Raise up (head)
回(頭),扭轉,ngiu4 zon3,Turn backward
睜(眼),擘,mak5,Open the eyes
閉(眼),霎眯,sap5 mi1,Close the eyes
瞪(眼),瞪大眼,zen4 tai4 ngan3,Glare
眨(眼),囁,ngiap5,Blink
瞥(一眼),瞄,miau2,Glance
(從門縫)看,䁓,zong1,peeking fromacrack
看(書),看,kon4,Read
看守(東西),掌,zong3,Keep an eye on something
聽,聽,tang4,Listen
皺(眉頭),皺,ziu4,Frown
聞(用鼻嗅),鼻,pi4,Smell
嘗,嘗,song2,Taste
張(嘴),擘,mak5,Open (the mouth)
噘(嘴),嘟,lu3,pout
抿(嘴),眯,mi4,Close the mouth tightly
親嘴,斟嘴,zim1 zoi4,Kiss
嚼,嚼,ciau4,Chew
咬,咬,ngau1,Bite
吞,吞,tun1,Swallow
吃,食,sit6,Eat
喝,食,sit6,Drink
吸(奶),啜,zot6,Suck
吸(氣),吸,kip5,Take a breath (inhale)
舔(盤子),舐,se1,Lick
啃(骨頭),咬,ngau1,Gnaw
吐(痰),吐,tu4,Spit
含(在嘴裏),含,ham2,Hold in mouth
銜(在嘴上),銜,ham2,Hold in teeth
噴(飯),噴,pun4,"Spray, spout"
吹(氣),歕,pun2,Blow
哭,叫,giau4,Cry
笑,笑,siau4,Smile
拿,拿,la1,Hold
擰(毛巾),扭,ngiu3,Wring
擰(蓋子),扭,ngiu4,Screw
拉(衣角),拉,lai1,Pull (the garment horn)
拉(車),拉,lai1,Pull (the car)
拉(繩子),牽,kien1,Pull(the string)
扽(兩端同時用力猛一拉),扯,ca3,Yank (hold the two ends and pull tightly)
舉(手),舉,gi3,Put up (hands)
舉(物),擎,kia2,Lift (objects)
拾取,撿,giam3,Pick up
提(水),抽,ciu1,Carry (water)
打撈,撈,lak5,Salvage
劃(火柴),刻,kat6,Strike a match
放(下),放,fong4,Put down
按(圖釘),撳,kim4,Press (the thumbtack)
推,㩳,tui1,Push
(用虎口)掐,夾,kiap6,Pinch something with both hands
(用指甲)掐,浸,kim4,Pinch (with nail)
抱(樹),攬,lam3,Hug (a tree)
抱(小孩),攬,lam3,Carry (the child)
搊(起來)(兩手向上用力托),掇,dot5,Lift something up with both hands
爬(樹),爬,pa2,Climb
(在地上)爬,爬(小孩),pa2,Crawl (Children)
(在地上)爬,???,yen2,"Crawl (Bugs, Slugs, Snakes, etc.)"
撕,撕,su1,Tear
捏,撚,ngien3,Pinch (with fingers)
抓(一把米),扡,ya3,Grab
握(鋤頭),捉,zuk5,Hold
拔(雞毛),撏,ciam2,Pluck (the feathers)
拔(胡須),掹,bang1,Pluck (the beard)
拔(草),扯,ca3,Pull (grass) out
夠(用手努力伸取),探,tam1,To reach
摘,摘,zak5,Pick
折(斷),拗,au3,Snap (break something in two)
(把鐵絲)弄(直),拗,au3,Straighten
掏(口袋),扲,lem2,Draw out (from pocket)
剝(桔子),擘,mak5,Peel an orange
掰(開),擘,mak5,To break apart with both hands
搖(桌子),搖,yau2,Shake (the table)
塞(塞子),卒,zut5,Plug(v.)
摸,摸,mo1,Touch
挑選,揀,gan3,Pick out
掖(進去),攝,ngiap5,Squeeze
揉(傷處),捽,zut6,Knead (the wound)
揉(面),捽,zut6,Knead (the dough)
拍(桌子),拍,pak5,Pat(on the table)
摔(東西),橫,vang4,Throw (things because of anger)
丟失了,跌,diet5,Lose
丟棄,拂,fit5,Abandon
甩(乾衣服),揈,vin4,Whirl and dry (the clothes)
擲(石頭),拂,fit5,Throw (the stone to a target)
擲(石頭),掟,dang1,Throw (the stone to a target)
張(開手),強,kiong1,Open (the arms)
撓(癢),扡,ya3,Scrach
摟(柴火),攬,lam3,Carry with both arms
(用手)托(住),托,tok5,Support something in one’s palm
端(碗),捧,bung3,Carry (the bowl)
捂(住),揞,em1,Cover something with hands
藏(物),屏,biang4,Hide
埋(起來),壅,vung1,Bury (something) up
敲(門),拍,pok5,Knock (the door)
扣(上門),搭,dap5,Bolt (the door)
搧(耳光),拌,pan1,Smack
繫(鞋帶 皮帶),綁(鞋帶),bong3,"Tieor fasten(the shoe string, belt)"
繫(鞋帶 皮帶),繫(皮帶),gai1,"Tieor fasten(the shoe string, belt)"
擦(汗),捽,zut6,Wipe the sweat
擦(去錯字),擦,cat5,Erase (the wrong characters)
戽(水),戽,fu4,To bail out the water
(用肩膀)頂,托,tok5,Lift something up with shoulder
(用石頭)砸,耷,dep6,To smash with stone
(用鞭子)抽,拂,fit6,To Whip
(用木杠)頂(門),頂,din3,Support the door withapole
裹(嚴實？),裹,go3,Wrap around tightly
(把碗)摞(起來放),層,cen4,Pile up
套(被子),筒,tung2,Cover the quilt
刮(豬毛),刮,gat5,Scrape (the hair of pig or other animal)
砍(樹),倒,zam3 (訓讀),Cut (the tree)
揩刀(使刀利),幫,bong1,Make a knife sharper
掏(耳朵),扒,pa2,Pick(the ears)
掏(耳朵),撩,liau1,Pick(the ears)
刻(圖章),挑,tiau1,Carve (a stamp)
(用針)紮,厾,duk5,Prick (with needle)
劈削(樹枝),削,siok5,Chop (branches from the tree)
綑(柴火),綁,bong3,Bundle (firewood) together
綁(口袋),綯,tau2,Tie the bags up
綁(口袋),綁,bong3,Tie the bags up
抓(人),捉,zuk5,Grasp
綁(人),綁,bong3,To bind someone
濾,隔渣,gak5 za1,Filtrate
潷(湯),泌,bi4,Drain something from water
攪拌,攪,gau3,Stir
拌(飯),淘,tau2,Mix and stir
墊(高些),墊,siap5,Put something underneathto raise it up
撣(灰),拍,pok5,Whisk (the dust)
甩(乾水),揈,vin4,toss to get rid of the water
(用水)沖洗,沖,cung1,Wash
(往下)傾倒,順,sun4,Pour
(亂)翻,抄,cau4,Rummage
(用棍子)桶,樋,dung3,To poke (with stick)
挑(上聲),撩,tiau1,To pick up with one end of a stick
招(手),掖,yap6,Wave hand
搓(繩子),捼,lo2,To twist (a rope)
(用雙手)捧,捧,bung3,Hold with both palms
(用石頭)壓(著),磧,zak5,To keep something under
豎(起來),豎,su4,Set upright
蓋(蓋子),冚,kiem2,To cover up
(用手指)摳,扣,keu4,To dig with fingers
(用手指)摳,挖,vet5,To dig with fingers
捋(袖子),捋,lot6,Stroke (the sleeves)
挽(袖子),攝,ngiap6,Roll (the sleeves)
撮(一小撮),執,zep5,Picksome sugar or salt upwith two or three fingers
舀(水),舀,yau3,Bail (ladle water out)
側(一些),側,zet5,Lean a little
搬(東西),搬,ban1,Move
站立,徛,ki1,Stand
踮(腳),蹬,diam4,Tiptoe
蹲,踞,kiu2,Squat
踩,踩,cai3,Trample
踢,踢,tiak5,Kick
走,行,hang2,Walk
跑,走,zeu3,Run
跨,吖,ap6,Stride over
跳,跳,tiau4,Jump
趴(在桌上),覆,puk5,Lay the head on the table
跺,抌,dem3,Stamp one’s feet
(小孩)踢(被子),抌,dem3,(child) kick away the quilt (during sleeping)
(臟腳亂)踩,踩,cai3,Tread
叉(開腿),擘,mak5,Straddle
(被)絆(倒),徑,gang4,Stumble
跌跤,跌倒,det5 dau3,Fall down
上來,上來,song1 loi2,Come up
下去,下去,ha1 hi4,Go down
追,逐,diak5,Chase
攔(住),攔,lan2,Stop somebody
背(小孩),孭,ba2,Carry (the child) on back
(單人)扛(箱子),托,tok5,Carry (the box on back)
抬,抬,toi2,Carry something with others
挑,㧡,kai1,To shoulder (with a shoulder pole)
倚(在墻上),憑,pen4,Lean (along the wall)
靠(右邊走),嗻,zak5,Walk along (the right side )
尋找,尋,cim2,Look for
遺失,跌,diet5,Lose
(往下)滑,溜,liu1,Slide down
掉(下來),跌,diet5,Fall down
濺(了一身),射,sa4,Spatter (splash)
(牛貼在樹上)蹭(癢),磨,mo4,(Cattle) scratch its body against the tree
擠(過去),櫼,ziam1,Squeeze oneself through the crowd
浮(起來),浮,feu2,Float
墜(下來),墜,diet5,Drop down
翹(起來),翹,hiau4,Stick up
淹死(了),浸死,zim4 si3,Drown
(別)遮(住我),擋,dong3,Cover one’s sight
繞(道),繞,van1,Bypass
轉(圈),丁,din1,Whirl in circle
搬(來搬去),搬,pan1,Move here and there
經受(不住),頂,din3,(cannot) endure
混(在一起),撈,lau1,Mix
(被車)軋(了),研,ngan2,Rolled over (by car)
(用藥)毒(魚),毒,teu4,Poison (v.)
調換,交,gau4,Exchange
輪流,輪流,lun2 liu2,In turn
躲藏,屏,biang4,Hide up
假裝(不懂),詐,za4,Pretend
嬌慣,縱壞,zung3 fai4,Spoiled
(煙)薰(了眼),薰,hiun1,Fumed (by smoke)
(水)滄(了鼻子),濁,cuk6,Choked by water
(飯)滄(了氣管),濁,gang3,Choked by ricein the throat
凹(下去),凹,ngiap5,Sink in
凸(出來),凸,tut6,Protrude out
知道,知,di1,Know
懂(了),曉,hiau3,"Understand, know (a skill)"
懂(了),識,sit5,"Understand, know (a skill)"
認識,識,sit5,Know (someone)
以為,撈過,leu2 go4,Deem
覺得,覺得,gok5 det5,Feel
估計,估,gu3,Estimate
牽掛,記掛,gi4 ga4,Miss somebody
擔心,愁,seu2,Worry about somebody
生氣,幾氣,git3 hi4,Be angry
生氣,發火,fat5 fo3,Be angry
委屈,冤枉,yen1 vong3,Be wronged
害怕,惶,kong2,Be afraid
小心,小心,siau3 sim1,Be careful
提防,惶到,fong2 dau4,Guard against
回憶,想起,siong3 hi3,Recall
(甘心)情願,甘願,gam1 ngien4,Be willing to
喜歡(看戲),中意,zung1 yi4,Like
討厭,惱,lau1,Hate
妒忌,眼紅,ngan3 fung2,Be jealous
妒忌,眼熱,ngang3 ngiet2,Be jealous
疼愛(孫子),惜,siak5,Love
惱火,發火,fat5 fo3,Infuriate
慌張,惶,kong2,"In a flurry, panic"
心煩,煩,fan2,Anxious
得意,興,hin3,Complacent
忘(了),添忘,tiam1 mong4,Forget
埋怨,怨,yen4,"Complain, blame"
相信,信,sin4,Believe
懷疑,疑心,ngi2 sim1,Doubt
嫌棄,嫌,hiam2,Dislike and avoid
安慰,勸,kien4,To comfort
傷心,傷心,song1 sim1,Sad
高興,興,hin3,Be happy
心疼(東西),唔捨得,m1 sa3 det5,Cherish something
清靜,靜,cin4,Quiet
陰涼,陰涼,yim1 liong2,Shady
輕鬆,輕鬆,kiang1 sung1,Relaxed
累,攰,kioi4,Be tired
(光線)刺眼,射眼,sa4 ngan3,Dazzled by sunshine
(氣味)刺鼻,濁鼻,guk6 pi4,Pungent
(聲音)刺耳,振耳,zin3 ngi3,Strident
(鞋子覺著)緊,恒,hen2,(the shoes are) small
(衣服覺著)緊,狹,kiap6,(clothes)tight
(肚子覺著)痛,痛,tung4,Painful
(開水覺著)燙,燒,sau1,Hot
(肥肉覺著)膩,膩,li4,Grease
(身上覺著)癢,痎,hoi2,Itchy
(屋裏覺著)悶,焗,guk6,Studdy Stiffling hot
(坐車覺著)顛,拋,pau1,Bumpy
(凳子覺著)冰,冷,lang1,Cold
(毛衣覺著)紮,厾,duk5,(the sweater is) bristly
(沙子)硌腳,埂,yin4,(the sands) cut the feet
殺(碘酒抹在傷口上時的刺痛感),刺,yap5,Smart (seriously painful)
長(繩),長,cong2,Long
短(繩),短,don3,Short
(屋簷)低,矮,ai3,Low (eaves)
(路)寬,闊,fat5,Wide
(路)窄,狹,kiap6,Narrow
(衣服)新,新,sin1,New
(衣服)破,爛,lan4,Ragged (clothes)
(菜)辣,辣,lat6,Spicy hot
(南瓜很)面(纖維少，澱粉多柔軟),面,mien4,Sticky (too much starch in food)
(湯)鹹,鹹,ham2,Salty
(柿子)澀,澀,giap5,"Astringent, puckery"
(味道)淡,淡,tam1,"Light, no tasty"
(茶)濃,濃,ngiung2,(tea) strong
(茶)淡,淡,tam1,(tea) mild
(粥)稠,稠,leu2,Thick and sticky
(粥)稀,鮮,sien1,Watery
(眼睛)圓,圓,yen2,Round (eyes)
(鼻子)扁,扁,bien3,plain (nose)
(水)渾,渾,vun2,(water) turbid
(水)清,鮮,sien1,(water) clear
(房間)暗,暗,am4,dark (room)
(手)大,大,tai4,big (hand)
(手)小,細,se4,small (hand)
(刀)鋒利,快,kai1,sharp (knife)
(魚)活,生,sang1,live (fish)
很笨,蠢,cun3,Stupid
(飯)生,生,sang1,Unboiled (rice)
(飯)熟,過核,go4 fut6,Boiled (rice)
(弄)亂(了),亂,lon4,Disorder
(放)穩,穩,vun3,Make steady
(貼)歪(了),爻,ngau2,Deflective
(栽)密(了),密,mit6,Thick(tree planting)
(栽)稀(了),落,lau4,Thin(tree planting)
(酒)厲害,濃,ngiung2,(wine is) strong
(花生)潮(了),轉潮,zon3 cau2,(Peanut becomes) uncrisp
(花生)潮(了),轉潤,zon3 yun4,(Peanut becomes) uncrisp
(成績)差,差,ca1,(the result of study is) bad
(成績)差,唄,bia3,(the result of study is) bad
(餅乾)脆,酥,su1,Crisp
(坡)陡,崎,ki1,Steep
(籃子)結實,主固,zu3 gu4,(the basket is) Solid
(人)強壯,結實,giet5 sit6,(the man is) strong
(車)歪(向一邊),側,zet5,(the car) lurch sideways
(桌子)晃,搖,yau2,(Table is)shaky
(球)癟(了),凹,ngiap5,(ball becomes)flat
(天氣)潮,回南,fui2 lam2,Damp(weather)
熱鬧,旺,vong4,Crowded
冷清,靜,cin4,Calm and quiet (not crowded)
乾淨,伶俐,lang2 li4,Clean
骯髒,漚漏,eu4 leu4,Dirty
骯髒,累贅,lui4 zui4,Dirty
骯髒,囉嗦,lo4 so4,Dirty
(事情很)麻煩,麻煩,ma2 fan2,Complicated
(事情很)麻煩,難搞,lan2 gau3,Complicated
容易,快,kai4,Easy simple
容易,容易,yung2 yi4,Easy simple
(路)直,直,cit6,Straight
* (路)~直,筆直,bit5 zit6,Very straight
(繩子)粗,粗,cu1,Thick (rope)
(繩子)~粗,好粗,hau3 cu1,Very thick
(繩子)細,幼,yiu4,thin (rope)
(繩子)很細,好幼,hau3 yiu4,Extremely slender (string)
(籮裏穀子)滿,滿,mun1,Full (a basket is filled with rice)
(籮裏穀子)~滿,滿卒卒,man1 zut5 zut5,Very full
(書)厚,笨,pun1,Thick (book)
(書)~厚,好笨,hau3 pun1,Very thick
(書)~很厚,笨繳繳,bun4 giau3 giau3,Very thick (var.)
(紙)薄,薄,pok6,Flimsy thin (paper)
(紙)~薄,薄翼翼,pok6 yit6 yit6,Very thin
(燈)亮,光,gong1,Bright
(燈)~亮,光華華,gong1 va2 va2,Very brght
(魚)腥,腥,siang1,Fishy
(魚)~腥,腥瘟瘟,siang1 vin1 vin1,Very fishy
(菜)嫩,嫩,lun4,(vegetables) Tender
(菜)~嫩,嫩術術,lun4 sut6 sut6,Very tender
(肉煮得)爛,爛,lan4,(meat) Mashed
(肉煮得)~爛,爛綿綿,mien4 lan4,Very mashed
（膝蓋碰)痛(了),痛,tung4,Painful (after hurt)
(膝蓋碰得)~痛,生痛,sang3 tung4,Very painful
(個兒)高,高,gau1,Tall(Body feature)
(個兒)矮,矮,ai3,(Body feature) Short
*矮~~,矮耷耷,ai3 dep6 dep6,Very short
(人)胖,肥,pui2,Fat (man)
(人)胖,肭,lep5,Fat (man)
胖~~,肥嘟嘟,pui2 dut5 dut5,Very thick
胖~~,仂卒卒,lep5 zut5 zut5,Very thick
(人)瘦,瘦,seu4,Slim(man)
瘦~~,痩蜢蜢,seu4 mang1 mang1,Very slim
瘦~~,瘦馬靈鉗,seu4 ma1 liang2 kiang2,Very slim
(豬)肥,肥,pui2,Fat (pig)
肥~~,肥嘟嘟,pui2 dut5 dut5,Very fat (pig)
(菜)老,老,lau3,(the vegetable) overgrown
老~~,老麥麥,lau3 mak6 mak6,Seriously overgrown
老~~,老嚙嚙,lau1 ngat5 ngat5,Seriously overgrown
(東西)亂,亂,lon4,Chaotic (room)
亂~~,好亂,hau3 lon4,Very chaotic
(速度)快,快,kai4,Fast(speed)
~快,好快,hau3 kai4,Very fast
(速度)慢,慢,man4,Slow(speed)
慢~~,慢吞吞,man4 tun1 tun1,Very slow
(刀)快,快,kai1,Sharp(knife)
~快,好快,hau3 kai4,Very sharp
(水)熱,燒,sau1,Hot(water)
~熱,好燒,hau3 sau1,Very hot
熱~~,燒焓焓,sau1 hem2 hem2,Extremely hot
(水)冷,冷,lang1,Cold (water)
~冷,好冷,hau3 lang1,Very cold
冷~~,冷挖挖,lang1 vat5 vat5,Extremely cold
(水)燙,淥,luk6,Hot and hurt (water)
~燙,沸淥淥,bui4 luk6 luk6,Very hot and hurt
紅,紅,fung2,Red
~紅,烔紅,dung4 fung2,Very red
紅~~ 鮮紅,紅淮淮,fung2 fai1 fai1,Extremely red
黃,黃,vong2,Yellow
~黃,好黃,hau3 vong2,Very yellow
黃~~,黃貢貢,vong2 gung4 gung4,Extremely yellow
綠,青,ciang1,Green
~綠,好青,hau3 ciang1,Very green
白,白,pak6,White
~白,雪白,sut6 pak6,Very white
白~~,白雪雪,pak6 sut6 sut6,Extremely white
黑,烏,vu1,Black
~烏黑,黷烏,tuk6 vu1,Jet-black
很黑,好烏,hau3 vu1,Very Black
黑漆漆~~,烏黷黷,vu1 du4 du4,Extremely black
黑漆漆~~,烏矂矂,vu1 sau1 sau1,Extremely black
(菜)酸,酸,son1,(dish) Sour
~酸,好酸,hau3 son1,Very sour
酸~~,酸丟丟,son1 diu2 diu2,Extremely sour
(瓜)甜,甜,tiam2,(Melon) Sweet
~甜,鮮甜,sien1 tiam2,Very sweet
甜~~,甜津津,tiam2 zin1 zin1,Extremely sweet
(瓜)苦,苦,fu3,(Melon) bitter
~苦,好苦,hau3 fu3,Very bitter
苦~~,苦丟丟,fu3 diu1 diu1,Extremely bitter
(花)香,香,hiong1,(the smell of flower) Fragrant
~香,噴香,pun4 hiong1,Very fragrant
香噴噴~~,香噴噴,hiong1 pun4 pun4,Extremely fragrant
(屎)臭,臭,ciu4,(Dung) Smelly
~臭,臭垠,ciu4 hien1,Very smelly
臭~~,臭垠臭蟹,ciu4 hien1 ciu4 hai3,Extremely smelly
(尿)臊,垠,hien1,Urine smelly
~臊,好臭垠,hau3 ciu4 hien1,Very smelly urine
臊~~,爛臭垠,lan4 ciu4 hien1,Extremely smelly urine
(地面)滑,滑,vat6,Slippery (floor too smooth)
~滑,好滑,hau3 vat6,Very slippery
滑~~,滑律律,vat6 lut6 lut6,Extremely slippery
重,重,cung1,Heavy
~重,好重,hau3 cung1,Very heavy
重~~,重墜墜,cung1 dem2 dem2,Extremely heavy
輕,輕,kiang1,Light (weight)
~輕,好輕,hau3 kiang1,Very light
輕~~,輕匹匹,kiang1 pit6 pit6,Extremely light
(衣服曬)乾(了),燥,zau1,(the clothes) Dry
~乾,好燥,hau3 zau1,Very dry
乾~~,燥麥麥,zau1 mak6 mak6,Extremely dry
(衣服淋)濕(了),濕,sip5,(the clothes) Wet
~濕,好濕,hau3 sip5,Very wet
濕~~,濕荅荅,sip5 dap5 dap5,Extremely wet
(饅頭)硬,硬,ngang4,Hard (food too hard to chew)
~硬,好硬,hau3 ngang4,Very hard
硬~~,硬角角,ngang4 gok6 gok6,Extremely hard
(饅頭)軟,軟,ngion1,(food) Fluffy and soft
~軟,好軟,hau3 ngion1,Very soft
軟~~,軟入入,ngion1 ngip6 ngip6,Extremely soft
(石板)光滑,滑,vat6,(surface of stone) Smooth
~光滑,好光滑,hau3 gong1 vat6,Very smooth
光滑~~,滑律律,vat6 lut6 lut6,Extremely smooth
光滑~~,滑凸凸,vat6 tut6 tut6,Extremely smooth
一,一,yit5,One
二,二,ngi4,Two
三,三,sam1,Three
四,四,si4,Four
五,五,ng3,Five
六,六,luk6,Six
七,七,cit5,Seven
八,八,bat5,Eight
九,九,giu3,Nine
十,十,sip6,Ten
十五,十五,sip6 ng3,Fifteen
二十二,廿二,ngip6 ngi4,Twenty-two
三十三,三十三,sam1 sip6 sam1,Thirty-three
一百一十,百一,bak5 yit5,One hundred and ten
一百一十一,一百一十一,yit5 bak5 yit5 sip6 yit5,One hundred and eleven
二百五十,兩百五,liong3 bak5 ng1,Two hundreds and fifty
三四個(人),三四隻人,sam1 si4 zak5 ngin2,Three or four (people)
十來個,十零隻,sip6 lang2 zak5,More than ten (people)
整個(吃),晼隻,von2 zak5,"Whole (""don't eat it whole"")"
整個,成隻,sin2 zak5,A whole
二斤,兩斤,liong3 gin1,Two catties
二兩,兩兩,liong3 liong1,Two taels
二斤二兩,兩斤兩兩,liong3 gin1 liong3 liong1,Two point two catties
二斤二兩,兩斤二兩,liong3 gin1 ngi4 liong1,Two point two catties
二尺,兩尺,liong3 cak5,Two feet
一斤半,斤半,gin1 ban4,One and a half catties
(一)個(人),隻,zak5,Classifier for person
(一)隻(雞),隻,zak5,Classifier for chicken
(一)頭(豬),條,tiau2,Classifier for pig
(一)朵(花),朵,do3,Classifier for flower
(一)條(魚),條,tiau2,Classifier for fish
(一)頭(牛),條,tiau2,Classifier for cattle
(一)匹(馬),隻,zak5,Classifier for horse
(一)頭(狗),條,tiau2,Classifier for dog
(一)頭(蛇),條,tiau2,Classifier for snake
(一)棵(樹),棵,po1,Classifier for tree
(一)叢(草),堆,doi1,A cluster of grass
(一)頓(飯),餐,con1,Classifier for meal
(一)支(煙),口,heu3,Classifier for cigarette
(一)件(衣服),件,kien3,Classifier for clothes
(一)套(衣服),身,sin1,A suit of (clothes)
(一)雙(鞋),對,dui4,A pair of (shoes)
(一)雙(鞋),雙,sung1,A pair of (shoes)
(一)條(被子),番,fon1,Classifier for quilt
頂(蚊帳),頂,dang3,Classifier for mosquito net
(一)把(刀),張,cong1,Classifier for knife
(一)幢(房子),間,gan1,Classifier for building
(一)口(井),隻,zak5,Classifier for well
(一)個(箱子),隻,zak5,Classifier forbox
(一)輛(車),架,ga4,Classifier for car
(一)隻(船),條,tiau2,Classifier for boat
(一)件(事情),件,kien4,"Classifier for thing, matter, work, affair"
(一)夥(人),班,ban1,A group of (people)
(一)疊(紙),疊,tiap6,A pile of (paper)
(一)捧(花生),捧,bung3,A handful of (peanuts)
(一)串(葡萄),桍,ka3,A cluster of (grapes)
(一)口(水),啖,tam4,A mouthful of (water)
(一)瓶(酒),樽,zun1,A bottle of (wine)
(一)片(樹葉),皮,pi2,Classifier for(a piece of)leaf
(一)截(木頭),筒,tung2,A block of (wood)
(一)片(桔子),緬,mien3,A piece of (oranges)
(一)灘(水),平,piang2,A puddle of (water)
(一)道(痕跡),條,tiau2,A piece of (trace)
(一)畦(菜地),壢,lak6,A piece of (field)
(一)丘(田),塊,kai4,A piece of (farm land)
(一)家(人),家,ga1,A family
(一)滴(眼淚),點,diam3,A drop of (tear)
(一)窩(狗),竇,deu4,A brood ofanimals
(一)塊(磚),隻,zak5,A block of (brick)
(一)陣(雨),陣,cin4,A shower of (rain)
(一)扇(門),隻,zak5,Classifier for door
(一)隻(碗),隻,zak5,Classifier for bowl
(一)口(鍋,隻,zak5,Classifier for pan
(一)杆(秤),把,ba3,Steelyard
(一)把(大蒜),把,ba3,A bundle of (garlic)
(一)泡(尿),涿,duk5,Classifier for pee
(一)泡(屎),涿,duk5,Classifier for shit
(一)團(泥),團,ton2,A piece of (mud)
(一)株(草),棵,po1,Classifier for grass
(一)堆(沙),堆,doi1,A pile of (sand)
(一)服(藥),服,fuk6,A dose of (medicine)
(一)苲(長),拈,ngiam3,The length of hand extended from thumb to last finger
(一)庹(長),拈,ngiam3,The length of hand extended from thumb to last finger
(一)元(錢),塊,kai4,Yuan(currency unit)
(一)角(錢),毫,hau2,Ten cents
(一)分(錢),分,fun1,One cent
(打一)頓,身,sin1,Classifier for beating
(看一)遍,到,dau4,(read) once
(走一)趟,趟,tong4,Classifier fora journey
(玩一)次,到,dau4,(play) a round
我,厓,ngai2,I (First person pronoun)
你,你,ngi2,You (singular)
他,佢,gi2,He
我們,厓哋,ngai2 di1,We
咱們,吾兜,nga1 deu1,We (including the speakers and listeners only)
你們,你兜,ngia1 deu1,You (plural)
我的,吾,nga1,my
你的,若,ngia1,yours
他的,其,gia1,his
自己,𠊎自家,ngai2 ci2 ga1,myself
你自己,爾自家,ngi2 ci2 ga1,yourself
他/她自己,渠自家,gi2 ci2 ga1,himself/herself
我们自己,吾兜自家,nga1 diu1 ci2 ga1,ourselves
你们自己,若兜自家,ngia1 diu1 ci2 ga1,yourselves
他们自己,其兜自家,gia1 diu1 ci2 ga1,themselves
我们自己,吾自家,nga1 ci2 ga1,ourselves
你们自己,若自家,ngia1 ci2 ga1,yourselves
他们自己,其自家,gia1 ci2 ga1,themselves
自己,自家,ci2 ga1,Myself
自己人,自家人,ci2 ga1 ngin2,of our group of people
我，我,本人,bun3 ngin2,"I, me"
别人,別人,pet6 ngin2,others
其他的,他人,ta1 ngin2,others
他、她、它、他的、她的、他们的、他们、他们、其他人,人家,ngin2 ga1,"he, she, it, his, her, theirs, they, them, others"
每个人,各人,gok5 ngin2,each individual
大家,大家,tai4 ga1,everyone
大家,計人,ge4 ngin2,everybody
人人,人人,ngin2 ngin2,everyone
每个人,每隻人,mui1 zak5 ngin2,everyone
某人,有人家,yiu1 ngin2 ga1,someone
某人,有隻人,yiu1 zak5 ngin2,someone
没人,無人家,mau2 ngin2 ga1,nobody
他們,佢兜,gia1 deu1,They
誰,哪人,la4 ngin2,Who
別人,人家,ngin2 ga1,Others
大家,大齊家,tai4 ci2 ga1,Everyone
自己,自家,ci2 ga1,Self
我的,吾嘅,nga1 ge4,My
你的,爾嘅,ngia1 ge4,Your
他的,佢嘅,gia1 ge4,His
我們的,厓哋嘅,ngai2 di1 ge4,Our
咱們的,吾兜嘅,nga1 deu1 ge4,Our (including the speakers and listeners only)
你們的,你兜嘅,ngia1 deu1 ge4,Your (plural)
他們的,佢兜嘅,gia1 deu1 ge4,Their
誰的,哪人嘅,la4 ngin2 ge4,Whose
這個,這隻,ngia3 zak5,This
那個,該隻,ai4 zak5,That
哪個,哪隻,lai4 zak5,Which
這些,這兜,ngia3 deu1,These
那些,該兜,ai4 deu1,Those
哪些,哪兜,lai4 deu1,Which (plural)
一些兒,一滴仔,yit5 dit6 zai3,Some
這裏,這裏,ngia3 li1,Here
這裏,這定,ngia3 tang4,Here
那裏,該裏,ai4 li1,There
那裏,該定,ai4 tang4,There
哪裏,哪裏,lai4 li1,Where
哪裏,哪定,lai4 tang4,Where
這邊,這邊,ngia3 bien1,This side
那邊,該邊,ai4 bien1,That side
哪邊,哪邊,lai4 bien1,Which side
這麼(甜),恁,an2,So (sweet)
那麼(甜),恁,an4,That (sweet)
這樣(做),恁樣做,an2 yong4 zo4,(Do like ) this
那樣(做),恁樣做,an4 yong4 zo4,(Do like) that
怎樣(做),樣邊做,yong4 bien1 zo4,How (to do )
怎麼(辦),樣邊搞,yong4 bien1 gau3,How (can we do )
這會兒,這下,ngia3 ha4,Now
那會兒,該下,ai4 ha4,At that time
哪會兒,哪陣,lai4 cin4,When
哪會兒,幾時,git5 si2,When
多久,幾久,git5 giu3,How long (time)
多少斤,幾多斤,git5 do1 gin1,How many kilos
別處,第二定,ti4 ngi4 tang4,Other places
別的(東西),第二兜,ti4 ngi4 deu1,Other (things)
到處,哪定,lai4 dang4,Everywhere
什麼,乜介,mak5 gai4,What
為什麼,做乜介,zo4 mak5 gai4,Why
…上下,上下,song4 ha4,"About, circa"
分(幾分之幾),分,fun4,Fraction
剛(到),正,zang4,just now
剛好(合適),啱線,ngam1 sien4,Very (suitable)
乍(看很像),積聲看去,zik6 sang1 kon4 hi4,At the first glance
一向,一直,yit6 cit6,Always
一向,不留,but5 liu4,Always
常常,長日,cong2 ngit5,Usually
正在(吃飯),食等,sit6 den3,In the course of (eating)
趕快(走),快滴,kai4 dit6,Hurry up
(別)老是(說),緊,gin3,Always
馬上(就到),黏腳,ngiam2 giok5,Right now
一下子(找不著),一下子,yit5 ha4 zu3,At a draught
很(好),幾,git5,Very (good)
最,最,zui4,Most
太(小了),忒過,tet5 go4,Too (small)
特別(鹹),特別,tet6 piet6,"Especially, extremely"
有點兒(累),有滴仔,yiu1 dit6 zai3,A little
(大家)都(會),都,du1,All (adv.)
一共,一下,yit5 ha4,In total
幸虧(沒去),好彩,hau3 coi3,Fortunately
特地(趕來),直登,cit6 dang1,Specially
特地(趕來),專門,zon1 mun2,Specially
反正,總都,zung3 du1,Anyhow
光(吃菜不吃飯),淨,ciang4,Only (eating vegetables )
只(剩下一點兒),正,zang4,Just (a little left)
偏(不去),就係,ciu4 he4,With intention (not to go)
恐怕(來不了),惶,kong2,Be afraid (that I cannot come)
一塊兒(去),一下,yit5 ha4,(go) together
故意,直登,cit6 dang1,Intently
一定(要來),硬係,ngang4 he4,Must
白(幹),白,pak6,(do something) in vain
不(去),唔,m1,not (go )
不是,唔係,m1 he4,No
沒(去),冇,mau2,Did not (go)
沒有(錢),冇,mau2,No (money)
不必(去),唔使,m1 su3,No need to (go)
別(去),唔好,m1 hau3,Don’t (go)
還(沒來),還,han2,Still not yet (come)
突然(不見了),陣時間,cin4 si2 gan1,Suddenly
得(去),愛,oi4,Want to (go)
拼命(跑),搏命,bok5 miang4,Desperately
更(起勁),還過,han2 go4,Much more
大約(二十個),大莫約,tai4 mok5 yok5,About
幾乎(沒命),爭嘀仔,cang1 dit6 zai3,Almost (lose one’s life)
索性(不去),乾脆,gon1 cui4,Simply(do not go)
索性(不去),直情,zit6 cin2,Simply(do not go)
快(到了),就,ciu4,Soon
預先(講好了,加先,ga1 sien1,in advance (agree on something)
仍然(那樣),還係,han2 he4,All the same
好像(見過),好像,hau3 ciong4,Seem (to meet before)
跟著(就走了),黏尾,ngiam2 mui1,Then (he left)
(氣)都(氣死了),都,du1,Even (killed by his bad manner)
偏偏(是他),偏偏,bien1 bien1,Happens to be (him)
已經(來了),來嗨哋,loi2 hoi1 di1,Already
稍微(高了些),稍為,sau3 vui2,A bit (tall)
多(漂亮),幾,git5,How (beautiful)
臨時(弄),臨時,lin2 si2,Temporarily
的確(不知道),真係,zin1 he4,Indeed
(吃了飯)再說,正講,zang2 gong3,Discuss later
(太陽)和(月亮),撈,lau1,And (sun and moon)
(我)跟(他都去),撈,lau1,(He) and (I)
或者(你去),或者,fet6 za3,Or
只要,只要,zik5 yau4,As long as
只有,只有,zik5 yiu1,Nothing but
(借)給(我),分,bin1,(lent it ) to (me)
和(你不同),撈,lau1,(not the same) as (you)
被(他吃了),分,bin1,(eaten up ) by (him)
把(門關上),將,ziong1,Equivalent of “ba” in Mandarin
(放)在(哪裏),在,coi1,At (some places)
從(明天起),由,yiu2,From (time)
打(哪兒來),適,zak5,From (place)
照(這樣做),照,zau4,(do) like (this)
沿著(河邊走),沿,yen2,(walk) along (the river)
替(他看門),幫,bong1,(watch door) for (him)
替(他看門),撈,lau1,(watch door) for (him)
向(他借錢),向,hiong4,(borrow money) from (him)
向(前走),向,hiong4,Towards
從小,從細,cung2 se4,From a young age
在(家裏吃),在,coi1,At (home)
除(他之外),除嗨,cu2 hoi1,Except (him)
讓(他去),等,den3,Let (him go)
用(鋼筆寫),用,yung4,(write) by (pen)
到(今天止),到,dau4,Until (today)
比(他高),比,bi3,(Taller) than
*餓死了 (程度誇張),餓死咯,ngo4 si3 lo3,Very hungry
餓死了 (結果),餓死嗨,ngo4 si3 hoi1,Be dead of starvation
凍死了(程度誇張),冷死咯,lang1 si3 lo3,Very cold
凍死了 (結果),冷死嗨,lang1 si3 hoi1,Be dead of cold
累死了(程度誇張),攰死咯,kioi4 si3 lo3,Very tired
累死了 (結果),攰死嗨,kioi4 si3 hoi1,Be dead of tireness
(擔子太重) 壓死了(程度誇張),磧死咯,zak5 si3 lo3,Too heavy
壓死了 (結果),磧死嗨,zak5 si3hoi1,Die of heavy stress
(蚊子太多)叮死了,叼死咯,diu1 si3 lo3,Too many mosquitos biting!
叮死了,叼死嗨,diu1 si3hoi1,Be dead of biting
高興死了 (程度誇張),興死咯,hin3 si3 lo3,So happy
找遍了,尋交轉,cim2 gau3 con3,Searched everywhere
(已經)說好,講好嗨里,gong3 hau3 hoi1 di1,(already) agreed on (something
(功課)做完了,做秋嗨,zo4 ciu1 hoi1,(homework is) done
(手錶)不見了,唔見嗨,m1 gien4 hoi1,Can’t find (the watch)
(辣椒)太辣了,辣過頭咯,lat6 go4 teu1 lo3,(the pepper is) too hot
(雨傘)壞了,爛嗨,lan4 hoi1,(the umbrella) is broken
看不見,看唔倒,kon4 m1 dau3,Cannot see
進不去,番唔到去,fan1 m1 dau3 hi4,Cannot go inside
出不來,出唔到來,cut5 m1 dau3 loi2,Cannot come outside
裝不下,裝唔落,zong1 m1 lok6,Cannot squeeze things into (a bag)
頭不痛,頭那唔痛,teu2 la1 m1 tung4,The head aches no more
給他猜著了,分佢估中嗨,bin1 gi2 gu3 zung4 hoi1,Be anticipated by him
打不過他,打佢唔嬴,da3 gi2 m1 yang2,Cannot defeat him
打得過他,打得佢贏,da3 det5 gi2 yang2,Can defeat him
喘不過氣,敨唔倒氣,teu3 m1 dau3 hi4,Cannot breathe
騙不了我,撮唔倒厓,cot5 m1 dau3 ngai2,(you)Cannot cheat me
(我)叫不動他,喊唔動佢,ham4 m1 dung1 gi2,(I ) cannot ask him to help
(這孩子很)討人喜歡,得人惜,det5 ngin2 siak5,(this child) is beloved
討人嫌,得人惱,det5 ngin2 lau1,Dislikable
回來(由此出發再返回),轉來,zon3 loi2,Come back
回去(由彼地到此再回去),轉去,zon3 hi4,Go back
慢慢兒走,慢慢行,man4 man4 hang2,Watch your steps
讓我看看,分厓看下,bin1 ngai2 kon4 ha4,Let me see
短短的繩子,短術術嘅索嫲,don3 sut6 sut6 ge4 sot5 ma2,A short rope
彎彎的牛角,彎彎嘅牛角,van1 van1 ge4 ngiu2 gok5,A bend horn of cattle
一樣長的繩子,一樣長嘅索嫲,yit5 yong4 cong2 ge4 sot5 ma2,Ropes with the same length
只需要一丁點兒,凈愛一滴仔,ciang4 oi4 yit5 dit6 zai3,"(it is too much, I just) need a little"
(別急)等一會兒他就來,等間佢就來,den3 gan1 gi2 ciu4 loi2,"(don’t worry),he is coming"
給他一本書,分本書佢,bin1 bun3 su1 gi1,Give him a book
多給一點兒行不行？,分多滴厓得唔得,bin1 do1 dit6 ngai2 det5 m1 det5,"Give me a little more, ok?"
(字太草了，)重寫！,寫過,sia3 go4,Write it again!
（茶太淡了，)重泡一壼,焗過一壺,guk6 go4 yit5 fu2,Make another pot of tea
(他要趕車)讓他先吃,分佢食先,bin1 gi2 sit6 sien1,let him eat first
你先走(，我馬上來)！,你先行走,ngi2 sien1 hang2 zeu3,"You leave first, (I am coming)"
(別客氣，)再吃一碗。,食多碗添,sit6 do1 von3 tiam1,"(help yourself, ) Eat one more bowl"
(別忙，)再坐一會兒。,坐多陣正,co1 do1 cin4 zang4,"(No hurry,) stay longer!"
(別忙，)再坐一會兒。,坐多陣添,co1 do1 cin4 tiam1,"(No hurry,) stay longer!"
拿得動拿不動？,拿得起還係拿唔起,la1 det5 hi3 han2 he4 la1 m1 hi3,Can you carry it or not?
拿得動。,拿得動,la1 det5 tung1,Can carry it
(這麼大的雨，他)能來不能來？,佢來唔來倒,gi2 loi2 m1 loi2 dau3,(the rain is so heavy) can he come or not?
(你)去沒去他家？,有冇去佢屋家,yiu1 mau2 hi4 gia1 vuk5 ka1,Have you been this home?
(我)去了。,去嗨,hi4 hoi1,(I) have been there
(他病了，)不能喝酒。,唔食得酒,m1 sit6 det5 ziu3,"(he is sick ,and) not allowed to drink"
(他腰不好，)不能久坐。,坐唔得久,co1 m1 det5 giu3,(Because of pain he) cannot sit long
外面在下雨。,門背落等水,mun2 boi4 lok6 den3 sui3,It is raining outside
坐著吃。,坐等來食,co1 den3 loi2 sit6,Sit while eating
門開著。,門開嗨,mun2 hoi1 hoi1,The door is open
站著別動！,徛等唔好動,gi1 den3 m1 hau3 tung1,Stand there and do not move
別打岔，讓他說下去！,唔好插嘴，分佢講落去,m1 hau3 cap5 zui3 bin1 gi2 gong3 lok6 hi4,"Do not disrupt, let him say on"
(別等了)先把火燒起來！,將火燒起來正,ziong1 fo3 sau1 hi3 loi2 zang4,"(do not wait), let’s make the fire first!"
我去過廣州，也去過上海。,厓去過廣州，又去過上海,"ngai2 hi4 go4 gong3 ziu1 ,yiu4 hi4 go4 song4 hoi3","I’ve been Guangzhou, and also Shanghai"
(這件事)我告訴過他。,厓講過分佢知,ngai2 gong3 go4 bin1 gi2 di1,I have told him (this)
花開了兩朵了。,花開嗨兩朵咯,fa1 hoi1 hoi1 liong3 do3 lo3,The flower blossomed two
(別忙，)吃了飯再說。,食嗨飯正來講,sit6 hoi1 fan4 zang4 loi2 gong3,"(No hurry),discuss this after meal"
把門關上！,閂嗨門佢,san1 hoi1 mun2 gi2,Shut the door
把蓋子擰緊！,扭恒該蓋佢,ngiu3 hen2 ai4 goi4 gi2,Screw the lid tightly!
把飯吃了！,將該飯食秋佢,ziong1 ai4 fan4 sit6 ciu1 gi2,Eat up the food!
(你)別把我的碗打破了。,唔好打爛吾嘅碗,m1 hau3 da3 lan4 nga2 ge4 von3,Do not break my bowl!
(咱們)去看電影吧！,來去看電影咯,loi2 hi4 kon4 tien4 yang3 lo3,(let’s) go to watch movie
(他們)去看電影了。,去看電影去嗨,hi4 kon4 tien4 yang3 hi4 hoi1,(they) went to watch movie
(論年紀，)我比他大。,厓大過佢,ngai1 tai4 go4 gi2,"(as for age), I am older than him"
我比他大一歲。,厓大佢一歲,ngai2 tai4 gi2 yit5 soi4,I am one year older than him
我不比他大。,厓大唔過佢,ngai2 tai4 m1 go4 gi2,I am not older than him
兩個一樣高。,兩隻一樣高,liong3 zak5 yit5 yong4 gau1,The two are of the same height
說著說著就哭起來了。,講下講下就叫起來,gong3 ha4 gong3 ha4 ciu4 giau4 hi3 loi2,He is crying while speaking
(不讓他去，)他非要去不可。,"唔分佢去，佢係愛去,",m1 bin1 gi2 hi4 gi1 he4 oi4 hi4,He insists to go
艺术,美藝術,mui1 ngi4 sut6,Art
艺术家,美藝術家,mui1 ngi4 sut6 ga1,artist
一点钟,一點鐘,yit5 diam3 zung1,1 o'clock
二点钟,兩點鐘,liong3 diam3 zung1,2 o'clock
三点钟,三點鐘,sam1 diam3 zung1,3 o'clock
七点二十五分,七點搭五,cit5 diam3 dap5 ng3,twenty five past seven
将近七点二十五分,就七點搭五,ciu4 cit5 diam3 dap5 ng3,nearly twenty five past seven
七点二十五分刚过,整過七點搭五,zang4 go4 cit5 diam3 dap5 ng3,just after twenty five past seven
分钟,分鐘,fun1 zung1,minute
星期日,禮拜,li1 bai4,Sunday
周一,禮拜一,li1 bai4 yit5,Monday
周二,禮拜二,li1 bai4 ngi4,Tuesday
周三,禮拜三,li1 bai4 sam1,Wednesday
周四,禮拜四,li1 bai4 si4,Thursday
星期五,禮拜五,li1 bai4 ng3,Friday
周六,禮拜六,li1 bai4 luk5,Saturday
就到,就到,ciu4 dau4,nearly approaching
刚刚过去,過滴,go4 dit6,just gone past
一,一,yit5,one
二,二,ngi4,two
三,三,sam1,three
四,四,si4,four
五,五,ng3,five
六,六,luk5,six
七,七,cit5,seven
八,八,bat5,eight
九,九,giu3,nine
十,十,sip6,ten
十一,十一,sip6 yit5,eleven
十二,十二,sip6 ngi4,twelve
十三,十三,sip6 sam1,thirteen
十四,十四,sip6 si4,fourteen
十五,十五,sip6 ng3,fifteen
十六,十六,sip6 luk5,sixteen
十七,十七,sip6 cit5,seventeen
十八,十八,sip6 bat5,eighteen
十九,十九,sip6 giu3,nineteen
二十,二十,ngi4 sip6,twenty
二十一,二十一,ngi4 sip6 yit5,twenty one
二十二,二十二,ngi4 sip6 ngi4,twenty two
二十三,二十三,ngi4 sip6 sam1,twenty three
三十,三十,sam1 sip6,thirty
四十,四十,si4 sip6,fourty
五十,五十,ng3 sip6,fifty
六十,六十,luk5 sip6,sixty
七十,七十,cit5 sip6,seventy
八十,八十,bat5 sip6,eighty
九十,九十,giu3 sip6,ninety
百,百,bak5,hundred
二百,二百,ngi4 bak5,200
三百,三百,sam1 bak5,300
一千,一千,yit5 cien1,1000
二千,二千,ngi4 cien1,2000
一万,一萬,yit5 man4,"10,000"
十万,十萬,sip6 man4,"100,000"
一百万,一百萬,yit5 bak5 man4,"1,000,000"
一千万,一千萬,yit5 cien1 man4,"10,000,000"
一亿,一億,yit5 yi4,"100,000,000"
十亿,十億,sip6 yi4,"1,000,000,000"
一百亿,一百億,yit5 bak5 yi4,"10,000,000,000"
一千亿,一千億,yit5 cien1 yi4,"100,000,000,000"
一兆,一兆,yit5 cau4,"1,000,000,000,000"
号,號,hau4,"number (train, bus, etc.)"
